"","agency_cd","site_no","dateTime","X_00060_00003","X_00060_00003_cd","tz_cd"
"1","USGS","01189000",2016-04-30,50.8,"P","UTC"
"2","USGS","01189000",2016-05-01,48.8,"P","UTC"
"3","USGS","01189000",2016-05-02,79.5,"P","UTC"
"4","USGS","01189000",2016-05-03,114,"P","UTC"
"5","USGS","01189000",2016-05-04,83.6,"P","UTC"
"6","USGS","01189000",2016-05-05,69.6,"P","UTC"
"7","USGS","01189000",2016-05-06,78.2,"P","UTC"
"8","USGS","01189000",2016-05-07,79,"P","UTC"
"9","USGS","01189000",2016-05-08,80.9,"P","UTC"
"10","USGS","01189000",2016-05-09,66.4,"P","UTC"
"11","USGS","01189000",2016-05-10,57.4,"P","UTC"
"12","USGS","01189000",2016-05-11,53.1,"P","UTC"
"13","USGS","01189000",2016-05-12,50.1,"P","UTC"
"14","USGS","01189000",2016-05-13,53.8,"P","UTC"
"15","USGS","01189000",2016-05-14,57.7,"P","UTC"
"16","USGS","01189000",2016-05-15,56.9,"P","UTC"
"17","USGS","01189000",2016-05-16,48.4,"P","UTC"
"18","USGS","01189000",2016-05-17,47.7,"P","UTC"
"19","USGS","01189000",2016-05-18,45.7,"P","UTC"
"20","USGS","01189000",2016-05-19,45,"P","UTC"
"21","USGS","01189000",2016-05-20,46.3,"P","UTC"
"22","USGS","01189000",2016-05-21,44.8,"P","UTC"
"23","USGS","01189000",2016-05-22,45.2,"P","UTC"
"24","USGS","01189000",2016-05-23,42.3,"P","UTC"
"25","USGS","01189000",2016-05-24,44.3,"P","UTC"
"26","USGS","01189000",2016-05-25,36.2,"P","UTC"
"27","USGS","01189000",2016-05-26,32.5,"P","UTC"
"28","USGS","01189000",2016-05-27,30,"P","UTC"
"29","USGS","01189000",2016-05-28,27,"P","UTC"
"30","USGS","01189000",2016-05-29,24.7,"P","UTC"
"31","USGS","01189000",2016-05-30,57.2,"P","UTC"
"32","USGS","01189000",2016-05-31,30,"P","UTC"
"33","USGS","01189000",2016-06-01,25.8,"P","UTC"
"34","USGS","01189000",2016-06-02,24,"P","UTC"
"35","USGS","01189000",2016-06-03,24.3,"P","UTC"
"36","USGS","01189000",2016-06-04,23.8,"P","UTC"
"37","USGS","01189000",2016-06-05,78,"P","UTC"
"38","USGS","01189000",2016-06-06,67.2,"P","UTC"
"39","USGS","01189000",2016-06-08,33.5,"P","UTC"
"40","USGS","01189000",2016-06-09,29,"P","UTC"
"41","USGS","01189000",2016-06-10,24,"P","UTC"
"42","USGS","01189000",2016-06-11,30,"P","UTC"
"43","USGS","01189000",2016-06-12,25.7,"P","UTC"
"44","USGS","01189000",2016-06-13,23.3,"P","UTC"
"45","USGS","01189000",2016-06-14,22.4,"P","UTC"
"46","USGS","01189000",2016-06-15,21.8,"P","UTC"
"47","USGS","01189000",2016-06-16,21.7,"P","UTC"
"48","USGS","01189000",2016-06-17,21.5,"P","UTC"
"49","USGS","01189000",2016-06-18,20.9,"P","UTC"
"50","USGS","01189000",2016-06-19,20.9,"P","UTC"
"51","USGS","01189000",2016-06-20,20.9,"P","UTC"
"52","USGS","01189000",2016-06-21,20.3,"P","UTC"
"53","USGS","01189000",2016-06-22,19.8,"P","UTC"
"54","USGS","01189000",2016-06-23,19.7,"P","UTC"
"55","USGS","01189000",2016-06-24,19.6,"P","UTC"
"56","USGS","01189000",2016-06-25,19.4,"P","UTC"
"57","USGS","01189000",2016-06-26,19.4,"P","UTC"
"58","USGS","01189000",2016-06-27,19.6,"P","UTC"
"59","USGS","01189000",2016-06-28,19.2,"P","UTC"
"60","USGS","01189000",2016-06-29,19.9,"P","UTC"
"61","USGS","01189000",2016-06-30,18,"P","UTC"
"62","USGS","01189000",2016-07-01,78.2,"P","UTC"
"63","USGS","01189000",2016-07-02,44.8,"P","UTC"
"64","USGS","01189000",2016-07-03,22.1,"P","UTC"
"65","USGS","01189000",2016-07-04,20.5,"P","UTC"
"66","USGS","01189000",2016-07-06,19.2,"P","UTC"
"67","USGS","01189000",2016-07-07,72.1,"P","UTC"
"68","USGS","01189000",2016-07-08,31.9,"P","UTC"
"69","USGS","01189000",2016-07-09,21.7,"P","UTC"
"70","USGS","01189000",2016-07-10,21.1,"P","UTC"
"71","USGS","01189000",2016-07-11,20,"P","UTC"
"72","USGS","01189000",2016-07-12,19.2,"P","UTC"
"73","USGS","01189000",2016-07-13,18.9,"P","UTC"
"74","USGS","01189000",2016-07-14,20.8,"P","UTC"
"75","USGS","01189000",2016-07-15,20.3,"P","UTC"
"76","USGS","01189000",2016-07-16,18.8,"P","UTC"
"77","USGS","01189000",2016-07-17,18.4,"P","UTC"
"78","USGS","01189000",2016-07-18,52,"P","UTC"
"79","USGS","01189000",2016-07-19,21.6,"P","UTC"
"80","USGS","01189000",2016-07-20,17.9,"P","UTC"
"81","USGS","01189000",2016-07-21,17.9,"P","UTC"
"82","USGS","01189000",2016-07-22,19.3,"P","UTC"
"83","USGS","01189000",2016-07-23,19.3,"P","UTC"
"84","USGS","01189000",2016-07-24,17.6,"P","UTC"
"85","USGS","01189000",2016-07-25,17.8,"P","UTC"
"86","USGS","01189000",2016-07-26,17.6,"P","UTC"
"87","USGS","01189000",2016-07-27,17.4,"P","UTC"
"88","USGS","01189000",2016-07-28,17.3,"P","UTC"
"89","USGS","01189000",2016-07-29,19.2,"P","UTC"
"90","USGS","01189000",2016-07-30,50.6,"P","UTC"
"91","USGS","01189000",2016-07-31,55.7,"P","UTC"
"92","USGS","01189000",2016-08-01,40.4,"P","UTC"
"93","USGS","01189000",2016-08-02,24.8,"P","UTC"
"94","USGS","01189000",2016-08-03,20,"P","UTC"
"95","USGS","01189000",2016-08-04,19.2,"P","UTC"
"96","USGS","01189000",2016-08-05,18.9,"P","UTC"
"97","USGS","01189000",2016-08-06,18.8,"P","UTC"
"98","USGS","01189000",2016-08-07,18.5,"P","UTC"
"99","USGS","01189000",2016-08-08,18.2,"P","UTC"
"100","USGS","01189000",2016-08-09,18,"P","UTC"
"101","USGS","01189000",2016-08-10,28.2,"P","UTC"
"102","USGS","01189000",2016-08-11,19.1,"P","UTC"
"103","USGS","01189000",2016-08-12,18.4,"P","UTC"
"104","USGS","01189000",2016-08-13,17.9,"P","UTC"
"105","USGS","01189000",2016-08-14,30.7,"P","UTC"
"106","USGS","01189000",2016-08-15,19.5,"P","UTC"
"107","USGS","01189000",2016-08-16,17.9,"P","UTC"
"108","USGS","01189000",2016-08-17,17.7,"P","UTC"
"109","USGS","01189000",2016-08-18,17.6,"P","UTC"
"110","USGS","01189000",2016-08-19,17.5,"P","UTC"
"111","USGS","01189000",2016-08-20,17.3,"P","UTC"
"112","USGS","01189000",2016-08-21,79.1,"P","UTC"
"113","USGS","01189000",2016-08-22,69.3,"P","UTC"
"114","USGS","01189000",2016-08-23,18.2,"P","UTC"
"115","USGS","01189000",2016-08-24,16.7,"P","UTC"
"116","USGS","01189000",2016-08-25,16.4,"P","UTC"
"117","USGS","01189000",2016-08-26,16.2,"P","UTC"
"118","USGS","01189000",2016-08-27,16,"P","UTC"
"119","USGS","01189000",2016-08-28,15.9,"P","UTC"
"120","USGS","01189000",2016-08-29,15.9,"P","UTC"
"121","USGS","01189000",2016-08-30,15.5,"P","UTC"
"122","USGS","01189000",2016-08-31,15.6,"P","UTC"
"123","USGS","01189000",2016-09-01,16.7,"P","UTC"
"124","USGS","01189000",2016-09-02,15.4,"P","UTC"
"125","USGS","01189000",2016-09-03,14.9,"P","UTC"
"126","USGS","01189000",2016-09-04,14.7,"P","UTC"
"127","USGS","01189000",2016-09-05,14.8,"P","UTC"
"128","USGS","01189000",2016-09-06,14.9,"P","UTC"
"129","USGS","01189000",2016-09-07,15.3,"P","UTC"
"130","USGS","01189000",2016-09-08,14.7,"P","UTC"
"131","USGS","01189000",2016-09-09,14.5,"P","UTC"
"132","USGS","01189000",2016-09-10,14.5,"P","UTC"
"133","USGS","01189000",2016-09-11,14.3,"P","UTC"
"134","USGS","01189000",2016-09-12,14,"P","UTC"
"135","USGS","01189000",2016-09-13,14.1,"P","UTC"
"136","USGS","01189000",2016-09-14,14.1,"P","UTC"
"137","USGS","01189000",2016-09-15,13,"P","UTC"
"138","USGS","01189000",2016-09-16,13.5,"P","UTC"
"139","USGS","01189000",2016-09-17,13.4,"P","UTC"
"140","USGS","01189000",2016-09-18,14.3,"P","UTC"
"141","USGS","01189000",2016-09-19,18.4,"P","UTC"
"142","USGS","01189000",2016-09-20,14.8,"P","UTC"
"143","USGS","01189000",2016-09-21,14.3,"P","UTC"
"144","USGS","01189000",2016-09-22,14,"P","UTC"
"145","USGS","01189000",2016-09-23,14,"P","UTC"
"146","USGS","01189000",2016-09-24,14.1,"P","UTC"
"147","USGS","01189000",2016-09-25,13.8,"P","UTC"
"148","USGS","01189000",2016-09-26,14,"P","UTC"
"149","USGS","01189000",2016-09-27,20.3,"P","UTC"
"150","USGS","01189000",2016-09-28,14.7,"P","UTC"
"151","USGS","01189000",2016-09-30,14.8,"A","UTC"
"152","USGS","01189000",2016-10-01,15.5,"A","UTC"
"153","USGS","01193500",2016-04-01,216,"A","UTC"
"154","USGS","01193500",2016-04-02,340,"A","UTC"
"155","USGS","01193500",2016-04-03,659,"A","UTC"
"156","USGS","01193500",2016-04-04,485,"A","UTC"
"157","USGS","01193500",2016-04-05,374,"A","UTC"
"158","USGS","01193500",2016-04-06,344,"A","UTC"
"159","USGS","01193500",2016-04-07,762,"A","UTC"
"160","USGS","01193500",2016-04-08,934,"A","UTC"
"161","USGS","01193500",2016-04-09,503,"A","UTC"
"162","USGS","01193500",2016-04-10,373,"A","UTC"
"163","USGS","01193500",2016-04-11,317,"A","UTC"
"164","USGS","01193500",2016-04-12,374,"A","UTC"
"165","USGS","01193500",2016-04-13,384,"A","UTC"
"166","USGS","01193500",2016-04-14,305,"A","UTC"
"167","USGS","01193500",2016-04-15,269,"A","UTC"
"168","USGS","01193500",2016-04-16,243,"A","UTC"
"169","USGS","01193500",2016-04-17,222,"A","UTC"
"170","USGS","01193500",2016-04-18,208,"A","UTC"
"171","USGS","01193500",2016-04-19,195,"A","UTC"
"172","USGS","01193500",2016-04-20,183,"A","UTC"
"173","USGS","01193500",2016-04-21,174,"A","UTC"
"174","USGS","01193500",2016-04-22,170,"A","UTC"
"175","USGS","01193500",2016-04-23,229,"A","UTC"
"176","USGS","01193500",2016-04-24,195,"A","UTC"
"177","USGS","01193500",2016-04-25,169,"A","UTC"
"178","USGS","01193500",2016-04-26,179,"A","UTC"
"179","USGS","01193500",2016-04-27,179,"A","UTC"
"180","USGS","01193500",2016-04-28,158,"A","UTC"
"181","USGS","01193500",2016-04-29,151,"A","UTC"
"182","USGS","01193500",2016-04-30,142,"A","UTC"
"183","USGS","01193500",2016-05-01,138,"A","UTC"
"184","USGS","01193500",2016-05-02,181,"A","UTC"
"185","USGS","01193500",2016-05-03,317,"A","UTC"
"186","USGS","01193500",2016-05-04,290,"A","UTC"
"187","USGS","01193500",2016-05-05,249,"A","UTC"
"188","USGS","01193500",2016-05-06,213,"A","UTC"
"189","USGS","01193500",2016-05-07,254,"A","UTC"
"190","USGS","01193500",2016-05-08,242,"A","UTC"
"191","USGS","01193500",2016-05-09,206,"A","UTC"
"192","USGS","01193500",2016-05-10,168,"A","UTC"
"193","USGS","01193500",2016-05-11,153,"A","UTC"
"194","USGS","01193500",2016-05-12,137,"A","UTC"
"195","USGS","01193500",2016-05-13,133,"A","UTC"
"196","USGS","01193500",2016-05-14,162,"A","UTC"
"197","USGS","01193500",2016-05-15,143,"A","UTC"
"198","USGS","01193500",2016-05-16,124,"A","UTC"
"199","USGS","01193500",2016-05-17,116,"A","UTC"
"200","USGS","01193500",2016-05-18,110,"A","UTC"
"201","USGS","01193500",2016-05-19,103,"A","UTC"
"202","USGS","01193500",2016-05-20,96.1,"A","UTC"
"203","USGS","01193500",2016-05-21,91.8,"A","UTC"
"204","USGS","01193500",2016-05-22,87.3,"A","UTC"
"205","USGS","01193500",2016-05-23,80.8,"A","UTC"
"206","USGS","01193500",2016-05-24,94.3,"A","UTC"
"207","USGS","01193500",2016-05-25,91.2,"A","UTC"
"208","USGS","01193500",2016-05-26,76.8,"A","UTC"
"209","USGS","01193500",2016-05-27,67,"A","UTC"
"210","USGS","01193500",2016-05-28,60.4,"A","UTC"
"211","USGS","01193500",2016-05-29,53.7,"A","UTC"
"212","USGS","01193500",2016-05-30,224,"A","UTC"
"213","USGS","01193500",2016-05-31,175,"A","UTC"
"214","USGS","01193500",2016-06-01,103,"A","UTC"
"215","USGS","01193500",2016-06-02,75.7,"A","UTC"
"216","USGS","01193500",2016-06-03,65.3,"A","UTC"
"217","USGS","01193500",2016-06-04,62.5,"A","UTC"
"218","USGS","01193500",2016-06-05,69.4,"A","UTC"
"219","USGS","01193500",2016-06-06,147,"A","UTC"
"220","USGS","01193500",2016-06-07,97.9,"A","UTC"
"221","USGS","01193500",2016-06-08,70.5,"A","UTC"
"222","USGS","01193500",2016-06-09,59.6,"A","UTC"
"223","USGS","01193500",2016-06-10,49.3,"A","UTC"
"224","USGS","01193500",2016-06-11,51.3,"A","UTC"
"225","USGS","01193500",2016-06-12,77.2,"A","UTC"
"226","USGS","01193500",2016-06-13,58.6,"A","UTC"
"227","USGS","01193500",2016-06-14,47.9,"A","UTC"
"228","USGS","01193500",2016-06-15,40.6,"A","UTC"
"229","USGS","01193500",2016-06-16,35.2,"A","UTC"
"230","USGS","01193500",2016-06-17,31.7,"A","UTC"
"231","USGS","01193500",2016-06-18,28.7,"A","UTC"
"232","USGS","01193500",2016-06-19,25.7,"A","UTC"
"233","USGS","01193500",2016-06-20,23.8,"A","UTC"
"234","USGS","01193500",2016-06-21,22.7,"A","UTC"
"235","USGS","01193500",2016-06-22,20.6,"A","UTC"
"236","USGS","01193500",2016-06-23,19.4,"A","UTC"
"237","USGS","01193500",2016-06-24,18.2,"A","UTC"
"238","USGS","01193500",2016-06-25,18.5,"A","UTC"
"239","USGS","01193500",2016-06-26,16,"A","UTC"
"240","USGS","01193500",2016-06-27,15,"A","UTC"
"241","USGS","01193500",2016-06-28,15.1,"A","UTC"
"242","USGS","01193500",2016-06-29,16.6,"A","UTC"
"243","USGS","01193500",2016-06-30,15.3,"A","UTC"
"244","USGS","01193500",2016-07-01,14.9,"A","UTC"
"245","USGS","01193500",2016-07-02,23.8,"A","UTC"
"246","USGS","01193500",2016-07-03,23.1,"A","UTC"
"247","USGS","01193500",2016-07-04,17.2,"A","UTC"
"248","USGS","01193500",2016-07-05,28.2,"A","UTC"
"249","USGS","01193500",2016-07-06,26,"A","UTC"
"250","USGS","01193500",2016-07-07,19.4,"A","UTC"
"251","USGS","01193500",2016-07-08,22.8,"A","UTC"
"252","USGS","01193500",2016-07-09,24,"A","UTC"
"253","USGS","01193500",2016-07-10,20.9,"A","UTC"
"254","USGS","01193500",2016-07-11,23.8,"A","UTC"
"255","USGS","01193500",2016-07-12,20.6,"A","UTC"
"256","USGS","01193500",2016-07-13,19.8,"A","UTC"
"257","USGS","01193500",2016-07-14,15.8,"A","UTC"
"258","USGS","01193500",2016-07-15,18.4,"A","UTC"
"259","USGS","01193500",2016-07-16,18.6,"A","UTC"
"260","USGS","01193500",2016-07-17,14.1,"A","UTC"
"261","USGS","01193500",2016-07-18,12.4,"A","UTC"
"262","USGS","01193500",2016-07-19,11.3,"A","UTC"
"263","USGS","01193500",2016-07-20,10.6,"A","UTC"
"264","USGS","01193500",2016-07-21,10.3,"A","UTC"
"265","USGS","01193500",2016-07-22,12.3,"A","UTC"
"266","USGS","01193500",2016-07-23,11.5,"A","UTC"
"267","USGS","01193500",2016-07-24,10,"A","UTC"
"268","USGS","01193500",2016-07-25,7.85,"A","UTC"
"269","USGS","01193500",2016-07-26,7.35,"A","UTC"
"270","USGS","01193500",2016-07-27,6.51,"A","UTC"
"271","USGS","01193500",2016-07-28,5.75,"A","UTC"
"272","USGS","01193500",2016-07-29,6.81,"A","UTC"
"273","USGS","01193500",2016-07-30,7.78,"A","UTC"
"274","USGS","01193500",2016-07-31,10.4,"A","UTC"
"275","USGS","01193500",2016-08-01,23.9,"A","UTC"
"276","USGS","01193500",2016-08-02,17.5,"A","UTC"
"277","USGS","01193500",2016-08-03,14,"A","UTC"
"278","USGS","01193500",2016-08-04,10.9,"A","UTC"
"279","USGS","01193500",2016-08-05,8.82,"A","UTC"
"280","USGS","01193500",2016-08-06,9.25,"A","UTC"
"281","USGS","01193500",2016-08-07,16.1,"A","UTC"
"282","USGS","01193500",2016-08-08,12.8,"A","UTC"
"283","USGS","01193500",2016-08-09,9.19,"A","UTC"
"284","USGS","01193500",2016-08-10,10.1,"A","UTC"
"285","USGS","01193500",2016-08-11,17.7,"A","UTC"
"286","USGS","01193500",2016-08-12,29.9,"A","UTC"
"287","USGS","01193500",2016-08-13,20.8,"A","UTC"
"288","USGS","01193500",2016-08-14,18.1,"A","UTC"
"289","USGS","01193500",2016-08-15,16.6,"A","UTC"
"290","USGS","01193500",2016-08-16,11.9,"A","UTC"
"291","USGS","01193500",2016-08-17,13,"A","UTC"
"292","USGS","01193500",2016-08-18,9.22,"A","UTC"
"293","USGS","01193500",2016-08-19,7.73,"A","UTC"
"294","USGS","01193500",2016-08-20,7.84,"A","UTC"
"295","USGS","01193500",2016-08-21,7.24,"A","UTC"
"296","USGS","01193500",2016-08-22,127,"A","UTC"
"297","USGS","01193500",2016-08-23,60.8,"A","UTC"
"298","USGS","01193500",2016-08-24,31.8,"A","UTC"
"299","USGS","01193500",2016-08-25,21.2,"A","UTC"
"300","USGS","01193500",2016-08-26,15.5,"A","UTC"
"301","USGS","01193500",2016-08-27,13.1,"A","UTC"
"302","USGS","01193500",2016-08-28,10.8,"A","UTC"
"303","USGS","01193500",2016-08-29,9.35,"A","UTC"
"304","USGS","01193500",2016-08-30,8.18,"A","UTC"
"305","USGS","01193500",2016-08-31,7.59,"A","UTC"
"306","USGS","01193500",2016-09-01,8.57,"A","UTC"
"307","USGS","01193500",2016-09-02,9.32,"A","UTC"
"308","USGS","01193500",2016-09-03,8.17,"A","UTC"
"309","USGS","01193500",2016-09-04,7.42,"A","UTC"
"310","USGS","01193500",2016-09-05,6.83,"A","UTC"
"311","USGS","01193500",2016-09-06,6.42,"A","UTC"
"312","USGS","01193500",2016-09-07,8.54,"A","UTC"
"313","USGS","01193500",2016-09-08,9.05,"A","UTC"
"314","USGS","01193500",2016-09-09,7.97,"A","UTC"
"315","USGS","01193500",2016-09-10,7.1,"A","UTC"
"316","USGS","01193500",2016-09-11,6.66,"A","UTC"
"317","USGS","01193500",2016-09-12,6.11,"A","UTC"
"318","USGS","01193500",2016-09-13,5.53,"A","UTC"
"319","USGS","01193500",2016-09-14,5.65,"A","UTC"
"320","USGS","01193500",2016-09-15,5.66,"A","UTC"
"321","USGS","01193500",2016-09-16,5.5,"A","UTC"
"322","USGS","01193500",2016-09-17,5.42,"A","UTC"
"323","USGS","01193500",2016-09-18,7.42,"A","UTC"
"324","USGS","01193500",2016-09-19,8.27,"A","UTC"
"325","USGS","01193500",2016-09-20,12.1,"A","UTC"
"326","USGS","01193500",2016-09-21,10.1,"A","UTC"
"327","USGS","01193500",2016-09-22,8.67,"A","UTC"
"328","USGS","01193500",2016-09-23,8.24,"A","UTC"
"329","USGS","01193500",2016-09-24,9,"A","UTC"
"330","USGS","01193500",2016-09-25,8.67,"A","UTC"
"331","USGS","01193500",2016-09-26,8.38,"A","UTC"
"332","USGS","01193500",2016-09-27,13.1,"A","UTC"
"333","USGS","01193500",2016-09-28,14.4,"A","UTC"
"334","USGS","01193500",2016-09-29,11.4,"A","UTC"
"335","USGS","01193500",2016-09-30,10.4,"A","UTC"
"336","USGS","01193500",2016-10-01,13.6,"A","UTC"
"337","USGS","01209700",2016-04-01,36.5,"A","UTC"
"338","USGS","01209700",2016-04-02,47,"A","UTC"
"339","USGS","01209700",2016-04-03,92.4,"A","UTC"
"340","USGS","01209700",2016-04-04,85,"A","UTC"
"341","USGS","01209700",2016-04-05,83.3,"A","UTC"
"342","USGS","01209700",2016-04-06,60.1,"A","UTC"
"343","USGS","01209700",2016-04-07,64.9,"A","UTC"
"344","USGS","01209700",2016-04-08,73.6,"A","UTC"
"345","USGS","01209700",2016-04-09,59.6,"A","UTC"
"346","USGS","01209700",2016-04-10,51.1,"A","UTC"
"347","USGS","01209700",2016-04-11,47.1,"A","UTC"
"348","USGS","01209700",2016-04-12,51.8,"A","UTC"
"349","USGS","01209700",2016-04-13,49.3,"A","UTC"
"350","USGS","01209700",2016-04-14,43.4,"A","UTC"
"351","USGS","01209700",2016-04-15,39.9,"A","UTC"
"352","USGS","01209700",2016-04-16,37.8,"A","UTC"
"353","USGS","01209700",2016-04-17,35.5,"A","UTC"
"354","USGS","01209700",2016-04-18,33.6,"A","UTC"
"355","USGS","01209700",2016-04-19,32.7,"A","UTC"
"356","USGS","01209700",2016-04-20,29.6,"A","UTC"
"357","USGS","01209700",2016-04-21,33.3,"A","UTC"
"358","USGS","01209700",2016-04-22,27.8,"A","UTC"
"359","USGS","01209700",2016-04-23,51.3,"A","UTC"
"360","USGS","01209700",2016-04-24,42.1,"A","UTC"
"361","USGS","01209700",2016-04-25,36,"A","UTC"
"362","USGS","01209700",2016-04-26,47,"A","UTC"
"363","USGS","01209700",2016-04-27,40.9,"A","UTC"
"364","USGS","01209700",2016-04-28,34.6,"A","UTC"
"365","USGS","01209700",2016-04-29,31.4,"A","UTC"
"366","USGS","01209700",2016-04-30,30.4,"A","UTC"
"367","USGS","01209700",2016-05-01,32.6,"A","UTC"
"368","USGS","01209700",2016-05-02,39.5,"A","UTC"
"369","USGS","01209700",2016-05-03,80.8,"A","UTC"
"370","USGS","01209700",2016-05-04,71.8,"A","UTC"
"371","USGS","01209700",2016-05-05,57.6,"A","UTC"
"372","USGS","01209700",2016-05-06,82.5,"A","UTC"
"373","USGS","01209700",2016-05-07,81.8,"A","UTC"
"374","USGS","01209700",2016-05-08,76.9,"A","UTC"
"375","USGS","01209700",2016-05-09,59.8,"A","UTC"
"376","USGS","01209700",2016-05-10,48.3,"A","UTC"
"377","USGS","01209700",2016-05-11,42.6,"A","UTC"
"378","USGS","01209700",2016-05-12,38.4,"A","UTC"
"379","USGS","01209700",2016-05-13,38.9,"A","UTC"
"380","USGS","01209700",2016-05-14,42.2,"A","UTC"
"381","USGS","01209700",2016-05-15,38.8,"A","UTC"
"382","USGS","01209700",2016-05-16,35.9,"A","UTC"
"383","USGS","01209700",2016-05-17,32.2,"A","UTC"
"384","USGS","01209700",2016-05-18,29.9,"A","UTC"
"385","USGS","01209700",2016-05-19,27.1,"A","UTC"
"386","USGS","01209700",2016-05-20,25.1,"A","UTC"
"387","USGS","01209700",2016-05-21,23.5,"A","UTC"
"388","USGS","01209700",2016-05-22,23.6,"A","UTC"
"389","USGS","01209700",2016-05-23,22.4,"A","UTC"
"390","USGS","01209700",2016-05-24,35.7,"A","UTC"
"391","USGS","01209700",2016-05-25,37.8,"A","UTC"
"392","USGS","01209700",2016-05-26,28.5,"A","UTC"
"393","USGS","01209700",2016-05-27,24.3,"A","UTC"
"394","USGS","01209700",2016-05-28,20.6,"A","UTC"
"395","USGS","01209700",2016-05-29,18.7,"A","UTC"
"396","USGS","01209700",2016-05-30,62.2,"A","UTC"
"397","USGS","01209700",2016-05-31,35.5,"A","UTC"
"398","USGS","01209700",2016-06-01,25.9,"A","UTC"
"399","USGS","01209700",2016-06-02,21.5,"A","UTC"
"400","USGS","01209700",2016-06-03,19.9,"A","UTC"
"401","USGS","01209700",2016-06-04,19.2,"A","UTC"
"402","USGS","01209700",2016-06-05,28.7,"A","UTC"
"403","USGS","01209700",2016-06-06,46.6,"A","UTC"
"404","USGS","01209700",2016-06-07,30.3,"A","UTC"
"405","USGS","01209700",2016-06-08,24.4,"A","UTC"
"406","USGS","01209700",2016-06-09,20.7,"A","UTC"
"407","USGS","01209700",2016-06-10,17.6,"A","UTC"
"408","USGS","01209700",2016-06-11,16.7,"A","UTC"
"409","USGS","01209700",2016-06-12,14.3,"A","UTC"
"410","USGS","01209700",2016-06-13,12.7,"A","UTC"
"411","USGS","01209700",2016-06-14,11.4,"A","UTC"
"412","USGS","01209700",2016-06-15,10.4,"A","UTC"
"413","USGS","01209700",2016-06-16,9.92,"A","UTC"
"414","USGS","01209700",2016-06-17,9.32,"A","UTC"
"415","USGS","01209700",2016-06-18,10.3,"A","UTC"
"416","USGS","01209700",2016-06-19,11,"A","UTC"
"417","USGS","01209700",2016-06-20,7.99,"A","UTC"
"418","USGS","01209700",2016-06-21,7.14,"A","UTC"
"419","USGS","01209700",2016-06-22,6.23,"A","UTC"
"420","USGS","01209700",2016-06-23,5.77,"A","UTC"
"421","USGS","01209700",2016-06-24,5.41,"A","UTC"
"422","USGS","01209700",2016-06-25,5.18,"A","UTC"
"423","USGS","01209700",2016-06-26,4.89,"A","UTC"
"424","USGS","01209700",2016-06-27,4.87,"A","UTC"
"425","USGS","01209700",2016-06-28,5.03,"A","UTC"
"426","USGS","01209700",2016-06-29,5.23,"A","UTC"
"427","USGS","01209700",2016-06-30,4.69,"A","UTC"
"428","USGS","01209700",2016-07-01,6.73,"A","UTC"
"429","USGS","01209700",2016-07-02,10.3,"A","UTC"
"430","USGS","01209700",2016-07-03,5.45,"A","UTC"
"431","USGS","01209700",2016-07-04,4.58,"A","UTC"
"432","USGS","01209700",2016-07-05,26.7,"A","UTC"
"433","USGS","01209700",2016-07-06,9.94,"A","UTC"
"434","USGS","01209700",2016-07-07,15.6,"A","UTC"
"435","USGS","01209700",2016-07-08,25.8,"A","UTC"
"436","USGS","01209700",2016-07-09,18.4,"A","UTC"
"437","USGS","01209700",2016-07-10,15.7,"A","UTC"
"438","USGS","01209700",2016-07-11,11.9,"A","UTC"
"439","USGS","01209700",2016-07-12,9.29,"A","UTC"
"440","USGS","01209700",2016-07-13,7.69,"A","UTC"
"441","USGS","01209700",2016-07-14,8.87,"A","UTC"
"442","USGS","01209700",2016-07-15,10.1,"A","UTC"
"443","USGS","01209700",2016-07-16,9.26,"A","UTC"
"444","USGS","01209700",2016-07-17,10.9,"A","UTC"
"445","USGS","01209700",2016-07-18,8.27,"A","UTC"
"446","USGS","01209700",2016-07-19,8.61,"A","UTC"
"447","USGS","01209700",2016-07-20,7.55,"A","UTC"
"448","USGS","01209700",2016-07-21,9.23,"A","UTC"
"449","USGS","01209700",2016-07-22,6.61,"A","UTC"
"450","USGS","01209700",2016-07-23,5.53,"A","UTC"
"451","USGS","01209700",2016-07-24,5.07,"A","UTC"
"452","USGS","01209700",2016-07-25,31.4,"A","UTC"
"453","USGS","01209700",2016-07-26,44.6,"A","UTC"
"454","USGS","01209700",2016-07-27,21.6,"A","UTC"
"455","USGS","01209700",2016-07-28,17.4,"A","UTC"
"456","USGS","01209700",2016-07-29,23.7,"A","UTC"
"457","USGS","01209700",2016-07-30,13.2,"A","UTC"
"458","USGS","01209700",2016-07-31,13.6,"A","UTC"
"459","USGS","01209700",2016-08-01,14.1,"A","UTC"
"460","USGS","01209700",2016-08-02,13.5,"A","UTC"
"461","USGS","01209700",2016-08-03,11.3,"A","UTC"
"462","USGS","01209700",2016-08-04,9.04,"A","UTC"
"463","USGS","01209700",2016-08-05,7.43,"A","UTC"
"464","USGS","01209700",2016-08-06,6.44,"A","UTC"
"465","USGS","01209700",2016-08-07,5.46,"A","UTC"
"466","USGS","01209700",2016-08-08,4.84,"A","UTC"
"467","USGS","01209700",2016-08-09,4.22,"A","UTC"
"468","USGS","01209700",2016-08-10,8.26,"A","UTC"
"469","USGS","01209700",2016-08-11,5.77,"A","UTC"
"470","USGS","01209700",2016-08-12,5.19,"A","UTC"
"471","USGS","01209700",2016-08-13,5.05,"A","UTC"
"472","USGS","01209700",2016-08-14,4.96,"A","UTC"
"473","USGS","01209700",2016-08-15,4.79,"A","UTC"
"474","USGS","01209700",2016-08-16,5.09,"A","UTC"
"475","USGS","01209700",2016-08-17,8.03,"A","UTC"
"476","USGS","01209700",2016-08-18,5.04,"A","UTC"
"477","USGS","01209700",2016-08-19,4.23,"A","UTC"
"478","USGS","01209700",2016-08-20,4.02,"A","UTC"
"479","USGS","01209700",2016-08-21,6.73,"A","UTC"
"480","USGS","01209700",2016-08-22,15.9,"A","UTC"
"481","USGS","01209700",2016-08-23,16.5,"A","UTC"
"482","USGS","01209700",2016-08-24,13.4,"A","UTC"
"483","USGS","01209700",2016-08-25,10.2,"A","UTC"
"484","USGS","01209700",2016-08-26,7.37,"A","UTC"
"485","USGS","01209700",2016-08-27,5.57,"A","UTC"
"486","USGS","01209700",2016-08-28,4.35,"A","UTC"
"487","USGS","01209700",2016-08-29,3.64,"A","UTC"
"488","USGS","01209700",2016-08-30,3.14,"A","UTC"
"489","USGS","01209700",2016-08-31,2.95,"A","UTC"
"490","USGS","01209700",2016-09-01,7.89,"A","UTC"
"491","USGS","01209700",2016-09-02,4.05,"A","UTC"
"492","USGS","01209700",2016-09-03,3.14,"A","UTC"
"493","USGS","01209700",2016-09-04,2.72,"A","UTC"
"494","USGS","01209700",2016-09-05,2.45,"A","UTC"
"495","USGS","01209700",2016-09-06,2.18,"A","UTC"
"496","USGS","01209700",2016-09-07,2.65,"A","UTC"
"497","USGS","01209700",2016-09-08,2.32,"A","UTC"
"498","USGS","01209700",2016-09-09,2.15,"A","UTC"
"499","USGS","01209700",2016-09-10,1.97,"A","UTC"
"500","USGS","01209700",2016-09-11,3.06,"A","UTC"
"501","USGS","01209700",2016-09-12,2.52,"A","UTC"
"502","USGS","01209700",2016-09-13,1.96,"A","UTC"
"503","USGS","01209700",2016-09-14,2.07,"A","UTC"
"504","USGS","01209700",2016-09-15,1.67,"A","UTC"
"505","USGS","01209700",2016-09-16,1.4,"A","UTC"
"506","USGS","01209700",2016-09-17,1.25,"A","UTC"
"507","USGS","01209700",2016-09-18,1.2,"A","UTC"
"508","USGS","01209700",2016-09-19,8.27,"A","UTC"
"509","USGS","01209700",2016-09-20,2.84,"A","UTC"
"510","USGS","01209700",2016-09-21,2.1,"A","UTC"
"511","USGS","01209700",2016-09-22,1.71,"A","UTC"
"512","USGS","01209700",2016-09-23,1.44,"A","UTC"
"513","USGS","01209700",2016-09-24,1.2,"A","UTC"
"514","USGS","01209700",2016-09-25,1.13,"A","UTC"
"515","USGS","01209700",2016-09-26,1.01,"A","UTC"
"516","USGS","01209700",2016-09-27,2.94,"A","UTC"
"517","USGS","01209700",2016-09-28,1.83,"A","UTC"
"518","USGS","01209700",2016-09-29,1.62,"A","UTC"
"519","USGS","01209700",2016-09-30,6.1,"A","UTC"
"520","USGS","01209700",2016-10-01,8.7,"A","UTC"
