"","agency_cd","site_no","sample_dt","sample_tm","sample_end_dt","sample_end_tm","sample_start_time_datum_cd_reported","tm_datum_rlbty_cd","coll_ent_cd","medium_cd","project_cd","aqfr_cd","tu_id","body_part_id","hyd_cond_cd","samp_type_cd","hyd_event_cd","sample_lab_cm_tx","parm_cd","remark_cd","result_va","val_qual_tx","meth_cd","dqi_cd","rpt_lev_va","rpt_lev_cd","lab_std_va","prep_set_no","prep_dt","anl_set_no","anl_dt","result_lab_cm_tx","anl_ent_cd","startDateTime","sample_start_time_datum_cd"
"1","USGS","01189000",2016-04-21,"09:00",NA,NA,"EST","K",NA,"WS",NA,NA,NA,NA,"9","9","9","no NESQA barcode on bottle or SLAR","00605","<",0.55,NA,"ALGOR","S",NA,NA,NA,NA,NA,NA,NA,NA,NA,2016-04-21 14:00:00,"UTC"
"2","USGS","01189000",2016-04-21,"09:00",NA,NA,"EST","K",NA,"WS",NA,NA,NA,NA,"9","9","9","no NESQA barcode on bottle or SLAR","00608","<",0.01,NA,"SHC02","S",0.01,"DLDQC",NA,NA,NA,"KONE16116A",20160426,NA,"USGSNWQL",2016-04-21 14:00:00,"UTC"
"3","USGS","01189000",2016-04-21,"09:00",NA,NA,"EST","K",NA,"WS",NA,NA,NA,NA,"9","9","9","no NESQA barcode on bottle or SLAR","00613",NA,0.006,NA,"DZ001","S",0.001,"DLDQC",NA,NA,NA,"KONE16116A",20160426,NA,"USGSNWQL",2016-04-21 14:00:00,"UTC"
"4","USGS","01189000",2016-04-21,"09:00",NA,NA,"EST","K",NA,"WS",NA,NA,NA,NA,"9","9","9","no NESQA barcode on bottle or SLAR","00618",NA,2.77,NA,"ALGOR","S",NA,NA,NA,NA,NA,NA,NA,NA,NA,2016-04-21 14:00:00,"UTC"
"5","USGS","01189000",2016-04-21,"09:00",NA,NA,"EST","K",NA,"WS",NA,NA,NA,NA,"9","9","9","no NESQA barcode on bottle or SLAR","00631",NA,2.78,NA,"RED01","S",0.04,"DLDQC",NA,NA,NA,"KNO316117A",20160427,NA,"USGSNWQL",2016-04-21 14:00:00,"UTC"
"6","USGS","01189000",2016-04-21,"09:00",NA,NA,"EST","K",NA,"WS",NA,NA,NA,NA,"9","9","9","no NESQA barcode on bottle or SLAR","00660",NA,1.92,NA,"ALGOR","S",NA,NA,NA,NA,NA,NA,NA,NA,NA,2016-04-21 14:00:00,"UTC"
"7","USGS","01189000",2016-04-21,"09:00",NA,NA,"EST","K",NA,"WS",NA,NA,NA,NA,"9","9","9","no NESQA barcode on bottle or SLAR","00665",NA,0.696,"d","CL021","S",0.004,"DLDQC",NA,NA,NA,"PELW117B",20160512,NA,"USGSNWQL",2016-04-21 14:00:00,"UTC"
"8","USGS","01189000",2016-04-21,"09:00",NA,NA,"EST","K",NA,"WS",NA,NA,NA,NA,"9","9","9","no NESQA barcode on bottle or SLAR","00671",NA,0.627,"d","PHM01","S",0.004,"DLDQC",NA,NA,NA,"KONE16116A",20160426,NA,"USGSNWQL",2016-04-21 14:00:00,"UTC"
"9","USGS","01189000",2016-04-21,"09:00",NA,NA,"EST","K",NA,"WS",NA,NA,NA,NA,"9","9","9","no NESQA barcode on bottle or SLAR","62855",NA,3.32,NA,"AKP01","S",0.05,"DLDQC",NA,NA,NA,"PTNP118A",20160429,NA,"USGSNWQL",2016-04-21 14:00:00,"UTC"
"10","USGS","01189000",2016-05-20,"14:50",NA,NA,"EST","K",NA,"WS",NA,NA,"0","94","4","9","9",NA,"00605",NA,0.45,NA,"ALGOR","S",NA,NA,NA,NA,NA,NA,NA,NA,NA,2016-05-20 19:50:00,"UTC"
"11","USGS","01189000",2016-05-20,"14:50",NA,NA,"EST","K",NA,"WS",NA,NA,"0","94","4","9","9",NA,"00608",NA,0.02,"n","SHC02","S",0.01,"DLDQC",NA,NA,NA,"KONE16148A",20160531,NA,"USGSNWQL",2016-05-20 19:50:00,"UTC"
"12","USGS","01189000",2016-05-20,"14:50",NA,NA,"EST","K",NA,"WS",NA,NA,"0","94","4","9","9",NA,"00613",NA,0.009,NA,"DZ001","S",0.001,"DLDQC",NA,NA,NA,"KONE16148A",20160531,NA,"USGSNWQL",2016-05-20 19:50:00,"UTC"
"13","USGS","01189000",2016-05-20,"14:50",NA,NA,"EST","K",NA,"WS",NA,NA,"0","94","4","9","9",NA,"00618",NA,2.39,NA,"ALGOR","S",NA,NA,NA,NA,NA,NA,NA,NA,NA,2016-05-20 19:50:00,"UTC"
"14","USGS","01189000",2016-05-20,"14:50",NA,NA,"EST","K",NA,"WS",NA,NA,"0","94","4","9","9",NA,"00631",NA,2.4,NA,"RED01","S",0.04,"DLDQC",NA,NA,NA,"KNO316158A",20160606,NA,"USGSNWQL",2016-05-20 19:50:00,"UTC"
"15","USGS","01189000",2016-05-20,"14:50",NA,NA,"EST","K",NA,"WS",NA,NA,"0","94","4","9","9",NA,"00660",NA,1.97,NA,"ALGOR","S",NA,NA,NA,NA,NA,NA,NA,NA,NA,2016-05-20 19:50:00,"UTC"
"16","USGS","01189000",2016-05-20,"14:50",NA,NA,"EST","K",NA,"WS",NA,NA,"0","94","4","9","9",NA,"00665",NA,0.785,"d","CL021","S",0.004,"DLDQC",NA,NA,NA,"PELW165A",20160614,NA,"USGSNWQL",2016-05-20 19:50:00,"UTC"
"17","USGS","01189000",2016-05-20,"14:50",NA,NA,"EST","K",NA,"WS",NA,NA,"0","94","4","9","9",NA,"00671",NA,0.642,"d","PHM01","S",0.004,"DLDQC",NA,NA,NA,"KONE16148A",20160531,NA,"USGSNWQL",2016-05-20 19:50:00,"UTC"
"18","USGS","01189000",2016-05-20,"14:50",NA,NA,"EST","K",NA,"WS",NA,NA,"0","94","4","9","9",NA,"62855",NA,2.87,NA,"AKP01","S",0.05,"DLDQC",NA,NA,NA,"PTNP147A",20160526,NA,"USGSNWQL",2016-05-20 19:50:00,"UTC"
"19","USGS","01189000",2016-06-10,"08:40",NA,NA,"EST","K","USGS","WS","30G1EQW00",NA,NA,NA,"4","9","9",NA,"00605",NA,0.63,NA,"ALGOR","S",NA,NA,NA,NA,NA,NA,NA,NA,NA,2016-06-10 13:40:00,"UTC"
"20","USGS","01189000",2016-06-10,"08:40",NA,NA,"EST","K","USGS","WS","30G1EQW00",NA,NA,NA,"4","9","9",NA,"00608",NA,0.05,NA,"SHC02","S",0.01,"DLDQC",NA,NA,NA,"KONE16172A",20160620,NA,"USGSNWQL",2016-06-10 13:40:00,"UTC"
"21","USGS","01189000",2016-06-10,"08:40",NA,NA,"EST","K","USGS","WS","30G1EQW00",NA,NA,NA,"4","9","9",NA,"00613",NA,0.008,NA,"DZ001","S",0.001,"DLDQC",NA,NA,NA,"KONE16172A",20160620,NA,"USGSNWQL",2016-06-10 13:40:00,"UTC"
"22","USGS","01189000",2016-06-10,"08:40",NA,NA,"EST","K","USGS","WS","30G1EQW00",NA,NA,NA,"4","9","9",NA,"00618",NA,2.68,NA,"ALGOR","S",NA,NA,NA,NA,NA,NA,NA,NA,NA,2016-06-10 13:40:00,"UTC"
"23","USGS","01189000",2016-06-10,"08:40",NA,NA,"EST","K","USGS","WS","30G1EQW00",NA,NA,NA,"4","9","9",NA,"00631",NA,2.69,NA,"RED01","S",0.04,"DLDQC",NA,NA,NA,"KNO316173A",20160621,NA,"USGSNWQL",2016-06-10 13:40:00,"UTC"
"24","USGS","01189000",2016-06-10,"08:40",NA,NA,"EST","K","USGS","WS","30G1EQW00",NA,NA,NA,"4","9","9",NA,"00660",NA,2.88,NA,"ALGOR","S",NA,NA,NA,NA,NA,NA,NA,NA,NA,2016-06-10 13:40:00,"UTC"
"25","USGS","01189000",2016-06-10,"08:40",NA,NA,"EST","K","USGS","WS","30G1EQW00",NA,NA,NA,"4","9","9",NA,"00665",NA,1.03,"d","CL021","S",0.004,"DLDQC",NA,NA,NA,"PELW181A",20160630,NA,"USGSNWQL",2016-06-10 13:40:00,"UTC"
"26","USGS","01189000",2016-06-10,"08:40",NA,NA,"EST","K","USGS","WS","30G1EQW00",NA,NA,NA,"4","9","9",NA,"00671",NA,0.941,"d","PHM01","S",0.004,"DLDQC",NA,NA,NA,"KONE16172A",20160620,NA,"USGSNWQL",2016-06-10 13:40:00,"UTC"
"27","USGS","01189000",2016-06-10,"08:40",NA,NA,"EST","K","USGS","WS","30G1EQW00",NA,NA,NA,"4","9","9",NA,"62855",NA,3.36,NA,"AKP01","S",0.05,"DLDQC",NA,NA,NA,"PTNP172A",20160621,NA,"USGSNWQL",2016-06-10 13:40:00,"UTC"
"28","USGS","01189000",2016-06-17,"07:20",NA,NA,"EST","K","USGS-WRD","WS",NA,NA,NA,NA,"9","9","9","MM-47318A","00605",NA,3.3,NA,"ALGOR","S",NA,NA,NA,NA,NA,NA,NA,NA,NA,2016-06-17 12:20:00,"UTC"
"29","USGS","01189000",2016-06-17,"07:20",NA,NA,"EST","K","USGS-WRD","WS",NA,NA,NA,NA,"9","9","9","MM-47318A","00608",NA,0.05,NA,"SHC02","S",0.01,"DLDQC",NA,NA,NA,"KONE16179A",20160627,NA,"USGSNWQL",2016-06-17 12:20:00,"UTC"
"30","USGS","01189000",2016-06-17,"07:20",NA,NA,"EST","K","USGS-WRD","WS",NA,NA,NA,NA,"9","9","9","MM-47318A","00613",NA,0.014,NA,"DZ001","S",0.001,"DLDQC",NA,NA,NA,"KONE16179A",20160627,NA,"USGSNWQL",2016-06-17 12:20:00,"UTC"
"31","USGS","01189000",2016-06-17,"07:20",NA,NA,"EST","K","USGS-WRD","WS",NA,NA,NA,NA,"9","9","9","MM-47318A","00618",NA,0.753,NA,"ALGOR","S",NA,NA,NA,NA,NA,NA,NA,NA,NA,2016-06-17 12:20:00,"UTC"
"32","USGS","01189000",2016-06-17,"07:20",NA,NA,"EST","K","USGS-WRD","WS",NA,NA,NA,NA,"9","9","9","MM-47318A","00631",NA,0.767,NA,"RED01","S",0.04,"DLDQC",NA,NA,NA,"KNO316179A",20160627,NA,"USGSNWQL",2016-06-17 12:20:00,"UTC"
"33","USGS","01189000",2016-06-17,"07:20",NA,NA,"EST","K","USGS-WRD","WS",NA,NA,NA,NA,"9","9","9","MM-47318A","00660",NA,2.95,NA,"ALGOR","S",NA,NA,NA,NA,NA,NA,NA,NA,NA,2016-06-17 12:20:00,"UTC"
"34","USGS","01189000",2016-06-17,"07:20",NA,NA,"EST","K","USGS-WRD","WS",NA,NA,NA,NA,"9","9","9","MM-47318A","00665",NA,1.07,"d","CL021","S",0.004,"DLDQC",NA,NA,NA,"PELW181A",20160630,NA,"USGSNWQL",2016-06-17 12:20:00,"UTC"
"35","USGS","01189000",2016-06-17,"07:20",NA,NA,"EST","K","USGS-WRD","WS",NA,NA,NA,NA,"9","9","9","MM-47318A","00671",NA,0.962,"d","PHM01","S",0.004,"DLDQC",NA,NA,NA,"KONE16179A",20160627,NA,"USGSNWQL",2016-06-17 12:20:00,"UTC"
"36","USGS","01189000",2016-06-17,"07:20",NA,NA,"EST","K","USGS-WRD","WS",NA,NA,NA,NA,"9","9","9","MM-47318A","62855",NA,4.08,NA,"AKP01","S",0.05,"DLDQC",NA,NA,NA,"PTNP176A",20160624,NA,"USGSNWQL",2016-06-17 12:20:00,"UTC"
"37","USGS","01189000",2016-06-24,"07:40",NA,NA,"EST","K","USGS-WRD","WS","30G1EQW00",NA,NA,NA,"4","9","9","L-1820276 FED EX LATE DELIVEY","00605",NA,0.86,NA,"ALGOR","S",NA,NA,NA,NA,NA,NA,NA,NA,NA,2016-06-24 12:40:00,"UTC"
"38","USGS","01189000",2016-06-24,"07:40",NA,NA,"EST","K","USGS-WRD","WS","30G1EQW00",NA,NA,NA,"4","9","9","L-1820276 FED EX LATE DELIVEY","00608",NA,0.06,NA,"SHC02","S",0.01,"DLDQC",NA,NA,NA,"KONE16189A",20160708,NA,"USGSNWQL",2016-06-24 12:40:00,"UTC"
"39","USGS","01189000",2016-06-24,"07:40",NA,NA,"EST","K","USGS-WRD","WS","30G1EQW00",NA,NA,NA,"4","9","9","L-1820276 FED EX LATE DELIVEY","00613",NA,0.017,NA,"DZ001","S",0.001,"DLDQC",NA,NA,NA,"KONE16189A",20160708,NA,"USGSNWQL",2016-06-24 12:40:00,"UTC"
"40","USGS","01189000",2016-06-24,"07:40",NA,NA,"EST","K","USGS-WRD","WS","30G1EQW00",NA,NA,NA,"4","9","9","L-1820276 FED EX LATE DELIVEY","00618",NA,3.2,NA,"ALGOR","S",NA,NA,NA,NA,NA,NA,NA,NA,NA,2016-06-24 12:40:00,"UTC"
"41","USGS","01189000",2016-06-24,"07:40",NA,NA,"EST","K","USGS-WRD","WS","30G1EQW00",NA,NA,NA,"4","9","9","L-1820276 FED EX LATE DELIVEY","00631",NA,3.22,NA,"RED01","S",0.04,"DLDQC",NA,NA,NA,"KNO316195A",20160713,NA,"USGSNWQL",2016-06-24 12:40:00,"UTC"
"42","USGS","01189000",2016-06-24,"07:40",NA,NA,"EST","K","USGS-WRD","WS","30G1EQW00",NA,NA,NA,"4","9","9","L-1820276 FED EX LATE DELIVEY","00660",NA,3.15,NA,"ALGOR","S",NA,NA,NA,NA,NA,NA,NA,NA,NA,2016-06-24 12:40:00,"UTC"
"43","USGS","01189000",2016-06-24,"07:40",NA,NA,"EST","K","USGS-WRD","WS","30G1EQW00",NA,NA,NA,"4","9","9","L-1820276 FED EX LATE DELIVEY","00665",NA,1.11,"d","CL021","S",0.004,"DLDQC",NA,NA,NA,"PELW200E",20160720,NA,"USGSNWQL",2016-06-24 12:40:00,"UTC"
"44","USGS","01189000",2016-06-24,"07:40",NA,NA,"EST","K","USGS-WRD","WS","30G1EQW00",NA,NA,NA,"4","9","9","L-1820276 FED EX LATE DELIVEY","00671",NA,1.03,"d","PHM01","S",0.004,"DLDQC",NA,NA,NA,"KONE16189A",20160708,NA,"USGSNWQL",2016-06-24 12:40:00,"UTC"
"45","USGS","01189000",2016-06-24,"07:40",NA,NA,"EST","K","USGS-WRD","WS","30G1EQW00",NA,NA,NA,"4","9","9","L-1820276 FED EX LATE DELIVEY","62855",NA,4.14,NA,"AKP01","S",0.05,"DLDQC",NA,NA,NA,"PTNP187A",20160706,NA,"USGSNWQL",2016-06-24 12:40:00,"UTC"
"46","USGS","01189000",2016-07-01,"07:20",NA,NA,"EST","K","USGS-WRD","WS","30G1EQW00",NA,NA,NA,"4","9","9",NA,"00605",NA,0.7,NA,"ALGOR","S",NA,NA,NA,NA,NA,NA,NA,NA,NA,2016-07-01 12:20:00,"UTC"
"47","USGS","01189000",2016-07-01,"07:20",NA,NA,"EST","K","USGS-WRD","WS","30G1EQW00",NA,NA,NA,"4","9","9",NA,"00608",NA,0.06,NA,"SHC02","S",0.01,"DLDQC",NA,NA,NA,"KONE16209A",20160727,NA,"USGSNWQL",2016-07-01 12:20:00,"UTC"
"48","USGS","01189000",2016-07-01,"07:20",NA,NA,"EST","K","USGS-WRD","WS","30G1EQW00",NA,NA,NA,"4","9","9",NA,"00613",NA,0.021,NA,"DZ001","S",0.001,"DLDQC",NA,NA,NA,"KONE16209A",20160727,NA,"USGSNWQL",2016-07-01 12:20:00,"UTC"
"49","USGS","01189000",2016-07-01,"07:20",NA,NA,"EST","K","USGS-WRD","WS","30G1EQW00",NA,NA,NA,"4","9","9",NA,"00618",NA,3.04,NA,"ALGOR","S",NA,NA,NA,NA,NA,NA,NA,NA,NA,2016-07-01 12:20:00,"UTC"
"50","USGS","01189000",2016-07-01,"07:20",NA,NA,"EST","K","USGS-WRD","WS","30G1EQW00",NA,NA,NA,"4","9","9",NA,"00631",NA,3.06,NA,"RED01","S",0.04,"DLDQC",NA,NA,NA,"KNO316200A",20160718,NA,"USGSNWQL",2016-07-01 12:20:00,"UTC"
"51","USGS","01189000",2016-07-01,"07:20",NA,NA,"EST","K","USGS-WRD","WS","30G1EQW00",NA,NA,NA,"4","9","9",NA,"00660",NA,3.29,NA,"ALGOR","S",NA,NA,NA,NA,NA,NA,NA,NA,NA,2016-07-01 12:20:00,"UTC"
"52","USGS","01189000",2016-07-01,"07:20",NA,NA,"EST","K","USGS-WRD","WS","30G1EQW00",NA,NA,NA,"4","9","9",NA,"00665",NA,1.16,"d","CL021","S",0.004,"DLDQC",NA,NA,NA,"PELW207A",20160726,NA,"USGSNWQL",2016-07-01 12:20:00,"UTC"
"53","USGS","01189000",2016-07-01,"07:20",NA,NA,"EST","K","USGS-WRD","WS","30G1EQW00",NA,NA,NA,"4","9","9",NA,"00671",NA,1.07,"d","PHM01","S",0.004,"DLDQC",NA,NA,NA,"KONE16209A",20160727,NA,"USGSNWQL",2016-07-01 12:20:00,"UTC"
"54","USGS","01189000",2016-07-01,"07:20",NA,NA,"EST","K","USGS-WRD","WS","30G1EQW00",NA,NA,NA,"4","9","9",NA,"62855",NA,3.82,NA,"AKP01","S",0.05,"DLDQC",NA,NA,NA,"PTNP193A",20160711,NA,"USGSNWQL",2016-07-01 12:20:00,"UTC"
"55","USGS","01189000",2016-07-08,"08:00",NA,NA,"EST","K","USGS-WRD","WS","30G1EQW00",NA,NA,NA,"5","7","9",NA,"00605",NA,0.65,NA,"ALGOR","S",NA,NA,NA,NA,NA,NA,NA,NA,NA,2016-07-08 13:00:00,"UTC"
"56","USGS","01189000",2016-07-08,"08:00",NA,NA,"EST","K","USGS-WRD","WS","30G1EQW00",NA,NA,NA,"5","7","9",NA,"00608",NA,0.04,NA,"SHC02","S",0.01,"DLDQC",NA,NA,NA,"KONE16196A",20160714,NA,"USGSNWQL",2016-07-08 13:00:00,"UTC"
"57","USGS","01189000",2016-07-08,"08:00",NA,NA,"EST","K","USGS-WRD","WS","30G1EQW00",NA,NA,NA,"5","7","9",NA,"00613",NA,0.01,NA,"DZ001","S",0.001,"DLDQC",NA,NA,NA,"KONE16196A",20160714,NA,"USGSNWQL",2016-07-08 13:00:00,"UTC"
"58","USGS","01189000",2016-07-08,"08:00",NA,NA,"EST","K","USGS-WRD","WS","30G1EQW00",NA,NA,NA,"5","7","9",NA,"00618",NA,1.81,NA,"ALGOR","S",NA,NA,NA,NA,NA,NA,NA,NA,NA,2016-07-08 13:00:00,"UTC"
"59","USGS","01189000",2016-07-08,"08:00",NA,NA,"EST","K","USGS-WRD","WS","30G1EQW00",NA,NA,NA,"5","7","9",NA,"00631",NA,1.82,NA,"RED01","S",0.04,"DLDQC",NA,NA,NA,"KNO316201A",20160719,NA,"USGSNWQL",2016-07-08 13:00:00,"UTC"
"60","USGS","01189000",2016-07-08,"08:00",NA,NA,"EST","K","USGS-WRD","WS","30G1EQW00",NA,NA,NA,"5","7","9",NA,"00660",NA,1.88,NA,"ALGOR","S",NA,NA,NA,NA,NA,NA,NA,NA,NA,2016-07-08 13:00:00,"UTC"
"61","USGS","01189000",2016-07-08,"08:00",NA,NA,"EST","K","USGS-WRD","WS","30G1EQW00",NA,NA,NA,"5","7","9",NA,"00665",NA,0.726,"d","CL021","S",0.004,"DLDQC",NA,NA,NA,"PELW207A",20160726,NA,"USGSNWQL",2016-07-08 13:00:00,"UTC"
"62","USGS","01189000",2016-07-08,"08:00",NA,NA,"EST","K","USGS-WRD","WS","30G1EQW00",NA,NA,NA,"5","7","9",NA,"00671",NA,0.614,"d","PHM01","S",0.004,"DLDQC",NA,NA,NA,"KONE16196A",20160714,NA,"USGSNWQL",2016-07-08 13:00:00,"UTC"
"63","USGS","01189000",2016-07-08,"08:00",NA,NA,"EST","K","USGS-WRD","WS","30G1EQW00",NA,NA,NA,"5","7","9",NA,"62855",NA,2.5,NA,"AKP01","S",0.05,"DLDQC",NA,NA,NA,"PTNP200A",20160719,NA,"USGSNWQL",2016-07-08 13:00:00,"UTC"
"64","USGS","01189000",2016-07-15,"08:30",NA,NA,"EST","K","USGS-WRD","WS","30G1EQW00",NA,NA,NA,"4","9","9",NA,"00605",NA,0.52,NA,"ALGOR","S",NA,NA,NA,NA,NA,NA,NA,NA,NA,2016-07-15 13:30:00,"UTC"
"65","USGS","01189000",2016-07-15,"08:30",NA,NA,"EST","K","USGS-WRD","WS","30G1EQW00",NA,NA,NA,"4","9","9",NA,"00608",NA,0.04,NA,"SHC02","S",0.01,"DLDQC",NA,NA,NA,"KONE16208A",20160726,NA,"USGSNWQL",2016-07-15 13:30:00,"UTC"
"66","USGS","01189000",2016-07-15,"08:30",NA,NA,"EST","K","USGS-WRD","WS","30G1EQW00",NA,NA,NA,"4","9","9",NA,"00613",NA,0.02,NA,"DZ001","S",0.001,"DLDQC",NA,NA,NA,"KONE16208A",20160726,NA,"USGSNWQL",2016-07-15 13:30:00,"UTC"
"67","USGS","01189000",2016-07-15,"08:30",NA,NA,"EST","K","USGS-WRD","WS","30G1EQW00",NA,NA,NA,"4","9","9",NA,"00618",NA,3.28,NA,"ALGOR","S",NA,NA,NA,NA,NA,NA,NA,NA,NA,2016-07-15 13:30:00,"UTC"
"68","USGS","01189000",2016-07-15,"08:30",NA,NA,"EST","K","USGS-WRD","WS","30G1EQW00",NA,NA,NA,"4","9","9",NA,"00631",NA,3.3,NA,"RED01","S",0.04,"DLDQC",NA,NA,NA,"KNO316208A",20160726,NA,"USGSNWQL",2016-07-15 13:30:00,"UTC"
"69","USGS","01189000",2016-07-15,"08:30",NA,NA,"EST","K","USGS-WRD","WS","30G1EQW00",NA,NA,NA,"4","9","9",NA,"00660",NA,3.26,NA,"ALGOR","S",NA,NA,NA,NA,NA,NA,NA,NA,NA,2016-07-15 13:30:00,"UTC"
"70","USGS","01189000",2016-07-15,"08:30",NA,NA,"EST","K","USGS-WRD","WS","30G1EQW00",NA,NA,NA,"4","9","9",NA,"00665",NA,1.19,"d","CL021","S",0.004,"DLDQC",NA,NA,NA,"PELW214A",20160802,NA,"USGSNWQL",2016-07-15 13:30:00,"UTC"
"71","USGS","01189000",2016-07-15,"08:30",NA,NA,"EST","K","USGS-WRD","WS","30G1EQW00",NA,NA,NA,"4","9","9",NA,"00671",NA,1.06,"d","PHM01","S",0.004,"DLDQC",NA,NA,NA,"KONE16208A",20160726,NA,"USGSNWQL",2016-07-15 13:30:00,"UTC"
"72","USGS","01189000",2016-07-15,"08:30",NA,NA,"EST","K","USGS-WRD","WS","30G1EQW00",NA,NA,NA,"4","9","9",NA,"62855",NA,3.85,NA,"AKP01","S",0.05,"DLDQC",NA,NA,NA,"PTNP211A",20160729,NA,"USGSNWQL",2016-07-15 13:30:00,"UTC"
"73","USGS","01189000",2016-07-21,"12:20",NA,NA,"EST","K","USGS-WRD","WS","30G1EQW00",NA,NA,NA,"4","9","9",NA,"00605",NA,0.45,NA,"ALGOR","S",NA,NA,NA,NA,NA,NA,NA,NA,NA,2016-07-21 17:20:00,"UTC"
"74","USGS","01189000",2016-07-21,"12:20",NA,NA,"EST","K","USGS-WRD","WS","30G1EQW00",NA,NA,NA,"4","9","9",NA,"00608",NA,0.03,NA,"SHC02","S",0.01,"DLDQC",NA,NA,NA,"KONE16214A",20160802,NA,"USGSNWQL",2016-07-21 17:20:00,"UTC"
"75","USGS","01189000",2016-07-21,"12:20",NA,NA,"EST","K","USGS-WRD","WS","30G1EQW00",NA,NA,NA,"4","9","9",NA,"00613",NA,0.013,NA,"DZ001","S",0.001,"DLDQC",NA,NA,NA,"KONE16214A",20160802,NA,"USGSNWQL",2016-07-21 17:20:00,"UTC"
"76","USGS","01189000",2016-07-21,"12:20",NA,NA,"EST","K","USGS-WRD","WS","30G1EQW00",NA,NA,NA,"4","9","9",NA,"00618",NA,3.97,NA,"ALGOR","S",NA,NA,NA,NA,NA,NA,NA,NA,NA,2016-07-21 17:20:00,"UTC"
"77","USGS","01189000",2016-07-21,"12:20",NA,NA,"EST","K","USGS-WRD","WS","30G1EQW00",NA,NA,NA,"4","9","9",NA,"00631",NA,3.99,NA,"RED01","S",0.04,"DLDQC",NA,NA,NA,"KNO316217A",20160804,NA,"USGSNWQL",2016-07-21 17:20:00,"UTC"
"78","USGS","01189000",2016-07-21,"12:20",NA,NA,"EST","K","USGS-WRD","WS","30G1EQW00",NA,NA,NA,"4","9","9",NA,"00660",NA,4.79,NA,"ALGOR","S",NA,NA,NA,NA,NA,NA,NA,NA,NA,2016-07-21 17:20:00,"UTC"
"79","USGS","01189000",2016-07-21,"12:20",NA,NA,"EST","K","USGS-WRD","WS","30G1EQW00",NA,NA,NA,"4","9","9",NA,"00665",NA,1.61,"d","CL021","S",0.004,"DLDQC",NA,NA,NA,"PELW223B",20160811,NA,"USGSNWQL",2016-07-21 17:20:00,"UTC"
"80","USGS","01189000",2016-07-21,"12:20",NA,NA,"EST","K","USGS-WRD","WS","30G1EQW00",NA,NA,NA,"4","9","9",NA,"00671",NA,1.56,"d","PHM01","S",0.004,"DLDQC",NA,NA,NA,"KONE16214A",20160802,NA,"USGSNWQL",2016-07-21 17:20:00,"UTC"
"81","USGS","01189000",2016-07-21,"12:20",NA,NA,"EST","K","USGS-WRD","WS","30G1EQW00",NA,NA,NA,"4","9","9",NA,"62855",NA,4.46,NA,"AKP01","S",0.05,"DLDQC",NA,NA,NA,"PTNP216A",20160804,NA,"USGSNWQL",2016-07-21 17:20:00,"UTC"
"82","USGS","01189000",2016-07-28,"12:40",NA,NA,"EST","K","USGS-WRD","WS","30G1EQW00",NA,NA,NA,"4","9","9",NA,"00605",NA,0.83,NA,"ALGOR","S",NA,NA,NA,NA,NA,NA,NA,NA,NA,2016-07-28 17:40:00,"UTC"
"83","USGS","01189000",2016-07-28,"12:40",NA,NA,"EST","K","USGS-WRD","WS","30G1EQW00",NA,NA,NA,"4","9","9",NA,"00608",NA,0.01,"n","SHC02","S",0.01,"DLDQC",NA,NA,NA,"KONE16221A",20160808,NA,"USGSNWQL",2016-07-28 17:40:00,"UTC"
"84","USGS","01189000",2016-07-28,"12:40",NA,NA,"EST","K","USGS-WRD","WS","30G1EQW00",NA,NA,NA,"4","9","9",NA,"00613",NA,0.011,NA,"DZ001","S",0.001,"DLDQC",NA,NA,NA,"KONE16221A",20160808,NA,"USGSNWQL",2016-07-28 17:40:00,"UTC"
"85","USGS","01189000",2016-07-28,"12:40",NA,NA,"EST","K","USGS-WRD","WS","30G1EQW00",NA,NA,NA,"4","9","9",NA,"00618",NA,3.82,NA,"ALGOR","S",NA,NA,NA,NA,NA,NA,NA,NA,NA,2016-07-28 17:40:00,"UTC"
"86","USGS","01189000",2016-07-28,"12:40",NA,NA,"EST","K","USGS-WRD","WS","30G1EQW00",NA,NA,NA,"4","9","9",NA,"00631",NA,3.83,NA,"RED01","S",0.04,"DLDQC",NA,NA,NA,"KNO316230A",20160817,NA,"USGSNWQL",2016-07-28 17:40:00,"UTC"
"87","USGS","01189000",2016-07-28,"12:40",NA,NA,"EST","K","USGS-WRD","WS","30G1EQW00",NA,NA,NA,"4","9","9",NA,"00660",NA,4.96,NA,"ALGOR","S",NA,NA,NA,NA,NA,NA,NA,NA,NA,2016-07-28 17:40:00,"UTC"
"88","USGS","01189000",2016-07-28,"12:40",NA,NA,"EST","K","USGS-WRD","WS","30G1EQW00",NA,NA,NA,"4","9","9",NA,"00665",NA,1.74,"d","CL021","S",0.004,"DLDQC",NA,NA,NA,"PELW235A",20160823,NA,"USGSNWQL",2016-07-28 17:40:00,"UTC"
"89","USGS","01189000",2016-07-28,"12:40",NA,NA,"EST","K","USGS-WRD","WS","30G1EQW00",NA,NA,NA,"4","9","9",NA,"00671",NA,1.62,"d","PHM01","S",0.004,"DLDQC",NA,NA,NA,"KONE16221A",20160808,NA,"USGSNWQL",2016-07-28 17:40:00,"UTC"
"90","USGS","01189000",2016-07-28,"12:40",NA,NA,"EST","K","USGS-WRD","WS","30G1EQW00",NA,NA,NA,"4","9","9",NA,"62855",NA,4.67,NA,"AKP01","S",0.05,"DLDQC",NA,NA,NA,"PTNP223A",20160811,NA,"USGSNWQL",2016-07-28 17:40:00,"UTC"
"91","USGS","01189000",2016-08-05,"08:30",NA,NA,"EST","K","USGS-WRD","WS","30G1EQW00",NA,NA,NA,"4","7","9","L-2230067 FED EX LATE DELIVERY   Received Aug 10, 2016","00605",NA,0.34,NA,"ALGOR","S",NA,NA,NA,NA,NA,NA,NA,NA,NA,2016-08-05 13:30:00,"UTC"
"92","USGS","01189000",2016-08-05,"08:30",NA,NA,"EST","K","USGS-WRD","WS","30G1EQW00",NA,NA,NA,"4","7","9","L-2230067 FED EX LATE DELIVERY   Received Aug 10, 2016","00608",NA,0.01,"n","SHC02","S",0.01,"DLDQC",NA,NA,NA,"KONE16224A",20160812,NA,"USGSNWQL",2016-08-05 13:30:00,"UTC"
"93","USGS","01189000",2016-08-05,"08:30",NA,NA,"EST","K","USGS-WRD","WS","30G1EQW00",NA,NA,NA,"4","7","9","L-2230067 FED EX LATE DELIVERY   Received Aug 10, 2016","00613",NA,0.008,NA,"DZ001","S",0.001,"DLDQC",NA,NA,NA,"KONE16228A",20160816,NA,"USGSNWQL",2016-08-05 13:30:00,"UTC"
"94","USGS","01189000",2016-08-05,"08:30",NA,NA,"EST","K","USGS-WRD","WS","30G1EQW00",NA,NA,NA,"4","7","9","L-2230067 FED EX LATE DELIVERY   Received Aug 10, 2016","00618",NA,4.02,NA,"ALGOR","S",NA,NA,NA,NA,NA,NA,NA,NA,NA,2016-08-05 13:30:00,"UTC"
"95","USGS","01189000",2016-08-05,"08:30",NA,NA,"EST","K","USGS-WRD","WS","30G1EQW00",NA,NA,NA,"4","7","9","L-2230067 FED EX LATE DELIVERY   Received Aug 10, 2016","00631",NA,4.03,NA,"RED01","S",0.04,"DLDQC",NA,NA,NA,"KNO316236A",20160823,NA,"USGSNWQL",2016-08-05 13:30:00,"UTC"
"96","USGS","01189000",2016-08-05,"08:30",NA,NA,"EST","K","USGS-WRD","WS","30G1EQW00",NA,NA,NA,"4","7","9","L-2230067 FED EX LATE DELIVERY   Received Aug 10, 2016","00660",NA,3.46,NA,"ALGOR","S",NA,NA,NA,NA,NA,NA,NA,NA,NA,2016-08-05 13:30:00,"UTC"
"97","USGS","01189000",2016-08-05,"08:30",NA,NA,"EST","K","USGS-WRD","WS","30G1EQW00",NA,NA,NA,"4","7","9","L-2230067 FED EX LATE DELIVERY   Received Aug 10, 2016","00665",NA,1.13,"d","CL021","S",0.004,"DLDQC",NA,NA,NA,"PELW237A",20160826,NA,"USGSNWQL",2016-08-05 13:30:00,"UTC"
"98","USGS","01189000",2016-08-05,"08:30",NA,NA,"EST","K","USGS-WRD","WS","30G1EQW00",NA,NA,NA,"4","7","9","L-2230067 FED EX LATE DELIVERY   Received Aug 10, 2016","00671",NA,1.13,"d","PHM01","S",0.004,"DLDQC",NA,NA,NA,"KONE16224A",20160812,NA,"USGSNWQL",2016-08-05 13:30:00,"UTC"
"99","USGS","01189000",2016-08-05,"08:30",NA,NA,"EST","K","USGS-WRD","WS","30G1EQW00",NA,NA,NA,"4","7","9","L-2230067 FED EX LATE DELIVERY   Received Aug 10, 2016","62855",NA,4.38,NA,"AKP01","S",0.05,"DLDQC",NA,NA,NA,"PTNP229A",20160817,NA,"USGSNWQL",2016-08-05 13:30:00,"UTC"
"100","USGS","01189000",2016-08-17,"09:10",NA,NA,"EST","K","USGS-WRD","WS","30G1EQW00",NA,NA,NA,"4","9","9",NA,"00605",NA,0.96,NA,"ALGOR","S",NA,NA,NA,NA,NA,NA,NA,NA,NA,2016-08-17 14:10:00,"UTC"
"101","USGS","01189000",2016-08-17,"09:10",NA,NA,"EST","K","USGS-WRD","WS","30G1EQW00",NA,NA,NA,"4","9","9",NA,"00608",NA,0.02,NA,"SHC02","S",0.01,"DLDQC",NA,NA,NA,"KONE16239A",20160826,NA,"USGSNWQL",2016-08-17 14:10:00,"UTC"
"102","USGS","01189000",2016-08-17,"09:10",NA,NA,"EST","K","USGS-WRD","WS","30G1EQW00",NA,NA,NA,"4","9","9",NA,"00613",NA,0.014,NA,"DZ001","S",0.001,"DLDQC",NA,NA,NA,"KONE16239A",20160826,NA,"USGSNWQL",2016-08-17 14:10:00,"UTC"
"103","USGS","01189000",2016-08-17,"09:10",NA,NA,"EST","K","USGS-WRD","WS","30G1EQW00",NA,NA,NA,"4","9","9",NA,"00618",NA,3.05,NA,"ALGOR","S",NA,NA,NA,NA,NA,NA,NA,NA,NA,2016-08-17 14:10:00,"UTC"
"104","USGS","01189000",2016-08-17,"09:10",NA,NA,"EST","K","USGS-WRD","WS","30G1EQW00",NA,NA,NA,"4","9","9",NA,"00631",NA,3.07,NA,"RED01","S",0.04,"DLDQC",NA,NA,NA,"KNO316243A",20160830,NA,"USGSNWQL",2016-08-17 14:10:00,"UTC"
"105","USGS","01189000",2016-08-17,"09:10",NA,NA,"EST","K","USGS-WRD","WS","30G1EQW00",NA,NA,NA,"4","9","9",NA,"00660",NA,3.7,NA,"ALGOR","S",NA,NA,NA,NA,NA,NA,NA,NA,NA,2016-08-17 14:10:00,"UTC"
"106","USGS","01189000",2016-08-17,"09:10",NA,NA,"EST","K","USGS-WRD","WS","30G1EQW00",NA,NA,NA,"4","9","9",NA,"00665",NA,1.31,"d","CL021","S",0.004,"DLDQC",NA,NA,NA,"PELW259A",20160916,NA,"USGSNWQL",2016-08-17 14:10:00,"UTC"
"107","USGS","01189000",2016-08-17,"09:10",NA,NA,"EST","K","USGS-WRD","WS","30G1EQW00",NA,NA,NA,"4","9","9",NA,"00671",NA,1.21,"d","PHM01","S",0.004,"DLDQC",NA,NA,NA,"KONE16239A",20160826,NA,"USGSNWQL",2016-08-17 14:10:00,"UTC"
"108","USGS","01189000",2016-08-17,"09:10",NA,NA,"EST","K","USGS-WRD","WS","30G1EQW00",NA,NA,NA,"4","9","9",NA,"62855",NA,4.04,NA,"AKP01","S",0.05,"DLDQC",NA,NA,NA,"PTNP238A",20160826,NA,"USGSNWQL",2016-08-17 14:10:00,"UTC"
"109","USGS","01189000",2016-09-12,"09:10",NA,NA,"EST","K","USGS-WRD","WS","30G1EQW00",NA,NA,NA,"4","9","9",NA,"00605",NA,0.86,NA,"ALGOR","S",NA,NA,NA,NA,NA,NA,NA,NA,NA,2016-09-12 14:10:00,"UTC"
"110","USGS","01189000",2016-09-12,"09:10",NA,NA,"EST","K","USGS-WRD","WS","30G1EQW00",NA,NA,NA,"4","9","9",NA,"00608",NA,0.03,NA,"SHC02","S",0.01,"DLDQC",NA,NA,NA,"KONE16263A",20160919,NA,"USGSNWQL",2016-09-12 14:10:00,"UTC"
"111","USGS","01189000",2016-09-12,"09:10",NA,NA,"EST","K","USGS-WRD","WS","30G1EQW00",NA,NA,NA,"4","9","9",NA,"00613",NA,0.012,NA,"DZ001","S",0.001,"DLDQC",NA,NA,NA,"KONE16263A",20160919,NA,"USGSNWQL",2016-09-12 14:10:00,"UTC"
"112","USGS","01189000",2016-09-12,"09:10",NA,NA,"EST","K","USGS-WRD","WS","30G1EQW00",NA,NA,NA,"4","9","9",NA,"00618",NA,3.58,NA,"ALGOR","S",NA,NA,NA,NA,NA,NA,NA,NA,NA,2016-09-12 14:10:00,"UTC"
"113","USGS","01189000",2016-09-12,"09:10",NA,NA,"EST","K","USGS-WRD","WS","30G1EQW00",NA,NA,NA,"4","9","9",NA,"00631",NA,3.59,NA,"RED01","S",0.04,"DLDQC",NA,NA,NA,"KNO316277A",20161003,NA,"USGSNWQL",2016-09-12 14:10:00,"UTC"
"114","USGS","01189000",2016-09-12,"09:10",NA,NA,"EST","K","USGS-WRD","WS","30G1EQW00",NA,NA,NA,"4","9","9",NA,"00660",NA,4.09,NA,"ALGOR","S",NA,NA,NA,NA,NA,NA,NA,NA,NA,2016-09-12 14:10:00,"UTC"
"115","USGS","01189000",2016-09-12,"09:10",NA,NA,"EST","K","USGS-WRD","WS","30G1EQW00",NA,NA,NA,"4","9","9",NA,"00665",NA,1.48,"d","CL021","S",0.004,"DLDQC",NA,NA,NA,"PELW271A",20160928,NA,"USGSNWQL",2016-09-12 14:10:00,"UTC"
"116","USGS","01189000",2016-09-12,"09:10",NA,NA,"EST","K","USGS-WRD","WS","30G1EQW00",NA,NA,NA,"4","9","9",NA,"00671",NA,1.34,"d","PHM01","S",0.004,"DLDQC",NA,NA,NA,"KONE16263A",20160919,NA,"USGSNWQL",2016-09-12 14:10:00,"UTC"
"117","USGS","01189000",2016-09-12,"09:10",NA,NA,"EST","K","USGS-WRD","WS","30G1EQW00",NA,NA,NA,"4","9","9",NA,"62855",NA,4.48,NA,"AKP01","S",0.05,"DLDQC",NA,NA,NA,"PTNP265A",20160921,NA,"USGSNWQL",2016-09-12 14:10:00,"UTC"
"118","USGS","01193500",2016-01-11,"12:45",NA,NA,"EST","K","USGS-WRD","WS","10003LB00",NA,NA,NA,"5","9","3","A-0120056 Filter 1 =130mL  Filter 2 =120mL L-0120056 FED EX LATE DELIVERY","00605","<",0.34,NA,"ALGOR","R",NA,NA,NA,NA,NA,NA,NA,NA,NA,2016-01-11 17:45:00,"UTC"
"119","USGS","01193500",2016-01-11,"12:45",NA,NA,"EST","K","USGS-WRD","WS","10003LB00",NA,NA,NA,"5","9","3","A-0120056 Filter 1 =130mL  Filter 2 =120mL L-0120056 FED EX LATE DELIVERY","00608","<",0.01,NA,"SHC02","R",0.01,"DLDQC",NA,NA,NA,"KONE16014A",20160114,NA,"USGSNWQL",2016-01-11 17:45:00,"UTC"
"120","USGS","01193500",2016-01-11,"12:45",NA,NA,"EST","K","USGS-WRD","WS","10003LB00",NA,NA,NA,"5","9","3","A-0120056 Filter 1 =130mL  Filter 2 =120mL L-0120056 FED EX LATE DELIVERY","00613",NA,0.001,"n","DZ001","R",0.001,"DLDQC",NA,NA,NA,"KONE16014A",20160114,NA,"USGSNWQL",2016-01-11 17:45:00,"UTC"
"121","USGS","01193500",2016-01-11,"12:45",NA,NA,"EST","K","USGS-WRD","WS","10003LB00",NA,NA,NA,"5","9","3","A-0120056 Filter 1 =130mL  Filter 2 =120mL L-0120056 FED EX LATE DELIVERY","00618",NA,0.204,NA,"ALGOR","R",NA,NA,NA,NA,NA,NA,NA,NA,NA,2016-01-11 17:45:00,"UTC"
"122","USGS","01193500",2016-01-11,"12:45",NA,NA,"EST","K","USGS-WRD","WS","10003LB00",NA,NA,NA,"5","9","3","A-0120056 Filter 1 =130mL  Filter 2 =120mL L-0120056 FED EX LATE DELIVERY","00631",NA,0.205,NA,"RED01","R",0.04,"DLDQC",NA,NA,NA,"KNO316020A",20160120,NA,"USGSNWQL",2016-01-11 17:45:00,"UTC"
"123","USGS","01193500",2016-01-11,"12:45",NA,NA,"EST","K","USGS-WRD","WS","10003LB00",NA,NA,NA,"5","9","3","A-0120056 Filter 1 =130mL  Filter 2 =120mL L-0120056 FED EX LATE DELIVERY","00660","<",0.012,NA,"ALGOR","R",NA,NA,NA,NA,NA,NA,NA,NA,NA,2016-01-11 17:45:00,"UTC"
"124","USGS","01193500",2016-01-11,"12:45",NA,NA,"EST","K","USGS-WRD","WS","10003LB00",NA,NA,NA,"5","9","3","A-0120056 Filter 1 =130mL  Filter 2 =120mL L-0120056 FED EX LATE DELIVERY","00665",NA,0.029,NA,"CL021","R",0.004,"DLDQC",NA,NA,NA,"PELW014B",20160114,NA,"USGSNWQL",2016-01-11 17:45:00,"UTC"
"125","USGS","01193500",2016-01-11,"12:45",NA,NA,"EST","K","USGS-WRD","WS","10003LB00",NA,NA,NA,"5","9","3","A-0120056 Filter 1 =130mL  Filter 2 =120mL L-0120056 FED EX LATE DELIVERY","00671","<",0.004,NA,"PHM01","R",0.004,"DLDQC",NA,NA,NA,"KONE16014A",20160114,NA,"USGSNWQL",2016-01-11 17:45:00,"UTC"
"126","USGS","01193500",2016-02-01,"14:00",NA,NA,"EST","K","USGS-WRD","WS","10003LB00",NA,NA,NA,"9","9","9","A-0330042 Filter 1: 209mL  Filter 2: 201mL","00605","<",0.16,NA,"ALGOR","R",NA,NA,NA,NA,NA,NA,NA,NA,NA,2016-02-01 19:00:00,"UTC"
"127","USGS","01193500",2016-02-01,"14:00",NA,NA,"EST","K","USGS-WRD","WS","10003LB00",NA,NA,NA,"9","9","9","A-0330042 Filter 1: 209mL  Filter 2: 201mL","00608","<",0.01,NA,"SHC02","R",0.01,"DLDQC",NA,NA,NA,"KONE16035A",20160205,NA,"USGSNWQL",2016-02-01 19:00:00,"UTC"
"128","USGS","01193500",2016-02-01,"14:00",NA,NA,"EST","K","USGS-WRD","WS","10003LB00",NA,NA,NA,"9","9","9","A-0330042 Filter 1: 209mL  Filter 2: 201mL","00613","<",0.001,NA,"DZ001","R",0.001,"DLDQC",NA,NA,NA,"KONE16035A",20160205,NA,"USGSNWQL",2016-02-01 19:00:00,"UTC"
"129","USGS","01193500",2016-02-01,"14:00",NA,NA,"EST","K","USGS-WRD","WS","10003LB00",NA,NA,NA,"9","9","9","A-0330042 Filter 1: 209mL  Filter 2: 201mL","00618",NA,0.256,NA,"ALGOR","R",NA,NA,NA,NA,NA,NA,NA,NA,NA,2016-02-01 19:00:00,"UTC"
"130","USGS","01193500",2016-02-01,"14:00",NA,NA,"EST","K","USGS-WRD","WS","10003LB00",NA,NA,NA,"9","9","9","A-0330042 Filter 1: 209mL  Filter 2: 201mL","00631",NA,0.256,NA,"RED01","R",0.04,"DLDQC",NA,NA,NA,"KNO316035A",20160204,NA,"USGSNWQL",2016-02-01 19:00:00,"UTC"
"131","USGS","01193500",2016-02-01,"14:00",NA,NA,"EST","K","USGS-WRD","WS","10003LB00",NA,NA,NA,"9","9","9","A-0330042 Filter 1: 209mL  Filter 2: 201mL","00660","<",0.012,NA,"ALGOR","R",NA,NA,NA,NA,NA,NA,NA,NA,NA,2016-02-01 19:00:00,"UTC"
"132","USGS","01193500",2016-02-01,"14:00",NA,NA,"EST","K","USGS-WRD","WS","10003LB00",NA,NA,NA,"9","9","9","A-0330042 Filter 1: 209mL  Filter 2: 201mL","00665",NA,0.007,"n","CL021","R",0.004,"DLDQC",NA,NA,NA,"PELW039B",20160209,NA,"USGSNWQL",2016-02-01 19:00:00,"UTC"
"133","USGS","01193500",2016-02-01,"14:00",NA,NA,"EST","K","USGS-WRD","WS","10003LB00",NA,NA,NA,"9","9","9","A-0330042 Filter 1: 209mL  Filter 2: 201mL","00671","<",0.004,NA,"PHM01","R",0.004,"DLDQC",NA,NA,NA,"KONE16035A",20160205,NA,"USGSNWQL",2016-02-01 19:00:00,"UTC"
"134","USGS","01193500",2016-03-02,"07:45",NA,NA,"EST","K","USGS-WRD","WS","10003LB00",NA,NA,NA,"8","9","9","A-0630031 Filter 1 =184mL  Filter 2 =189mL L-0630031 Lab codes not indicated as add or delete, LC's added, JNV","00605","<",0.14,NA,"ALGOR","R",NA,NA,NA,NA,NA,NA,NA,NA,NA,2016-03-02 12:45:00,"UTC"
"135","USGS","01193500",2016-03-02,"07:45",NA,NA,"EST","K","USGS-WRD","WS","10003LB00",NA,NA,NA,"8","9","9","A-0630031 Filter 1 =184mL  Filter 2 =189mL L-0630031 Lab codes not indicated as add or delete, LC's added, JNV","00608","<",0.01,NA,"SHC02","R",0.01,"DLDQC",NA,NA,NA,"KONE16063A",20160304,NA,"USGSNWQL",2016-03-02 12:45:00,"UTC"
"136","USGS","01193500",2016-03-02,"07:45",NA,NA,"EST","K","USGS-WRD","WS","10003LB00",NA,NA,NA,"8","9","9","A-0630031 Filter 1 =184mL  Filter 2 =189mL L-0630031 Lab codes not indicated as add or delete, LC's added, JNV","00613","<",0.001,NA,"DZ001","R",0.001,"DLDQC",NA,NA,NA,"KONE16063A",20160304,NA,"USGSNWQL",2016-03-02 12:45:00,"UTC"
"137","USGS","01193500",2016-03-02,"07:45",NA,NA,"EST","K","USGS-WRD","WS","10003LB00",NA,NA,NA,"8","9","9","A-0630031 Filter 1 =184mL  Filter 2 =189mL L-0630031 Lab codes not indicated as add or delete, LC's added, JNV","00618",NA,0.265,NA,"ALGOR","R",NA,NA,NA,NA,NA,NA,NA,NA,NA,2016-03-02 12:45:00,"UTC"
"138","USGS","01193500",2016-03-02,"07:45",NA,NA,"EST","K","USGS-WRD","WS","10003LB00",NA,NA,NA,"8","9","9","A-0630031 Filter 1 =184mL  Filter 2 =189mL L-0630031 Lab codes not indicated as add or delete, LC's added, JNV","00631",NA,0.265,NA,"RED01","R",0.04,"DLDQC",NA,NA,NA,"KNO316070A",20160310,NA,"USGSNWQL",2016-03-02 12:45:00,"UTC"
"139","USGS","01193500",2016-03-02,"07:45",NA,NA,"EST","K","USGS-WRD","WS","10003LB00",NA,NA,NA,"8","9","9","A-0630031 Filter 1 =184mL  Filter 2 =189mL L-0630031 Lab codes not indicated as add or delete, LC's added, JNV","00660","<",0.012,NA,"ALGOR","R",NA,NA,NA,NA,NA,NA,NA,NA,NA,2016-03-02 12:45:00,"UTC"
"140","USGS","01193500",2016-03-02,"07:45",NA,NA,"EST","K","USGS-WRD","WS","10003LB00",NA,NA,NA,"8","9","9","A-0630031 Filter 1 =184mL  Filter 2 =189mL L-0630031 Lab codes not indicated as add or delete, LC's added, JNV","00665",NA,0.01,NA,"CL021","R",0.004,"DLDQC",NA,NA,NA,"PELW068A",20160316,NA,"USGSNWQL",2016-03-02 12:45:00,"UTC"
"141","USGS","01193500",2016-03-02,"07:45",NA,NA,"EST","K","USGS-WRD","WS","10003LB00",NA,NA,NA,"8","9","9","A-0630031 Filter 1 =184mL  Filter 2 =189mL L-0630031 Lab codes not indicated as add or delete, LC's added, JNV","00671","<",0.004,NA,"PHM01","R",0.004,"DLDQC",NA,NA,NA,"KONE16063A",20160304,NA,"USGSNWQL",2016-03-02 12:45:00,"UTC"
"142","USGS","01193500",2016-04-11,"08:15",NA,NA,"EST","K","USGS-WRD","WS","10003LB00",NA,NA,NA,"5","9","3","A-1030084 Filter 1 =218mL  Filter 2 =226mL","00605","<",0.17,NA,"ALGOR","R",NA,NA,NA,NA,NA,NA,NA,NA,NA,2016-04-11 13:15:00,"UTC"
"143","USGS","01193500",2016-04-11,"08:15",NA,NA,"EST","K","USGS-WRD","WS","10003LB00",NA,NA,NA,"5","9","3","A-1030084 Filter 1 =218mL  Filter 2 =226mL","00608","<",0.01,NA,"SHC02","R",0.01,"DLDQC",NA,NA,NA,"KONE16106A",20160415,NA,"USGSNWQL",2016-04-11 13:15:00,"UTC"
"144","USGS","01193500",2016-04-11,"08:15",NA,NA,"EST","K","USGS-WRD","WS","10003LB00",NA,NA,NA,"5","9","3","A-1030084 Filter 1 =218mL  Filter 2 =226mL","00613","<",0.001,NA,"DZ001","R",0.001,"DLDQC",NA,NA,NA,"KONE16106A",20160415,NA,"USGSNWQL",2016-04-11 13:15:00,"UTC"
"145","USGS","01193500",2016-04-11,"08:15",NA,NA,"EST","K","USGS-WRD","WS","10003LB00",NA,NA,NA,"5","9","3","A-1030084 Filter 1 =218mL  Filter 2 =226mL","00618",NA,0.179,NA,"ALGOR","R",NA,NA,NA,NA,NA,NA,NA,NA,NA,2016-04-11 13:15:00,"UTC"
"146","USGS","01193500",2016-04-11,"08:15",NA,NA,"EST","K","USGS-WRD","WS","10003LB00",NA,NA,NA,"5","9","3","A-1030084 Filter 1 =218mL  Filter 2 =226mL","00631",NA,0.179,NA,"RED01","R",0.04,"DLDQC",NA,NA,NA,"KNO316110B",20160419,NA,"USGSNWQL",2016-04-11 13:15:00,"UTC"
"147","USGS","01193500",2016-04-11,"08:15",NA,NA,"EST","K","USGS-WRD","WS","10003LB00",NA,NA,NA,"5","9","3","A-1030084 Filter 1 =218mL  Filter 2 =226mL","00660","<",0.012,NA,"ALGOR","R",NA,NA,NA,NA,NA,NA,NA,NA,NA,2016-04-11 13:15:00,"UTC"
"148","USGS","01193500",2016-04-11,"08:15",NA,NA,"EST","K","USGS-WRD","WS","10003LB00",NA,NA,NA,"5","9","3","A-1030084 Filter 1 =218mL  Filter 2 =226mL","00665",NA,0.009,NA,"CL021","R",0.004,"DLDQC",NA,NA,NA,"PELW111A",20160422,NA,"USGSNWQL",2016-04-11 13:15:00,"UTC"
"149","USGS","01193500",2016-04-11,"08:15",NA,NA,"EST","K","USGS-WRD","WS","10003LB00",NA,NA,NA,"5","9","3","A-1030084 Filter 1 =218mL  Filter 2 =226mL","00671","<",0.004,NA,"PHM01","R",0.004,"DLDQC",NA,NA,NA,"KONE16106A",20160415,NA,"USGSNWQL",2016-04-11 13:15:00,"UTC"
"150","USGS","01193500",2016-04-19,"12:20",NA,NA,"EST","K","USGSCTWC","WS","30G1EQW00",NA,NA,NA,"9","9","9","no NESQA barcode on SLAR or bottle","00605","<",0.22,NA,"ALGOR","R",NA,NA,NA,NA,NA,NA,NA,NA,NA,2016-04-19 17:20:00,"UTC"
"151","USGS","01193500",2016-04-19,"12:20",NA,NA,"EST","K","USGSCTWC","WS","30G1EQW00",NA,NA,NA,"9","9","9","no NESQA barcode on SLAR or bottle","00608","<",0.01,NA,"SHC02","R",0.01,"DLDQC",NA,NA,NA,"KONE16116A",20160426,NA,"USGSNWQL",2016-04-19 17:20:00,"UTC"
"152","USGS","01193500",2016-04-19,"12:20",NA,NA,"EST","K","USGSCTWC","WS","30G1EQW00",NA,NA,NA,"9","9","9","no NESQA barcode on SLAR or bottle","00613",NA,0.001,"n","DZ001","R",0.001,"DLDQC",NA,NA,NA,"KONE16116A",20160426,NA,"USGSNWQL",2016-04-19 17:20:00,"UTC"
"153","USGS","01193500",2016-04-19,"12:20",NA,NA,"EST","K","USGSCTWC","WS","30G1EQW00",NA,NA,NA,"9","9","9","no NESQA barcode on SLAR or bottle","00618",NA,0.136,NA,"ALGOR","R",NA,NA,NA,NA,NA,NA,NA,NA,NA,2016-04-19 17:20:00,"UTC"
"154","USGS","01193500",2016-04-19,"12:20",NA,NA,"EST","K","USGSCTWC","WS","30G1EQW00",NA,NA,NA,"9","9","9","no NESQA barcode on SLAR or bottle","00631",NA,0.137,NA,"RED01","R",0.04,"DLDQC",NA,NA,NA,"KNO316113C",20160422,NA,"USGSNWQL",2016-04-19 17:20:00,"UTC"
"155","USGS","01193500",2016-04-19,"12:20",NA,NA,"EST","K","USGSCTWC","WS","30G1EQW00",NA,NA,NA,"9","9","9","no NESQA barcode on SLAR or bottle","00660","<",0.012,NA,"ALGOR","R",NA,NA,NA,NA,NA,NA,NA,NA,NA,2016-04-19 17:20:00,"UTC"
"156","USGS","01193500",2016-04-19,"12:20",NA,NA,"EST","K","USGSCTWC","WS","30G1EQW00",NA,NA,NA,"9","9","9","no NESQA barcode on SLAR or bottle","00665",NA,0.009,NA,"CL021","R",0.004,"DLDQC",NA,NA,NA,"PELW117A",20160427,NA,"USGSNWQL",2016-04-19 17:20:00,"UTC"
"157","USGS","01193500",2016-04-19,"12:20",NA,NA,"EST","K","USGSCTWC","WS","30G1EQW00",NA,NA,NA,"9","9","9","no NESQA barcode on SLAR or bottle","00671","<",0.004,NA,"PHM01","R",0.004,"DLDQC",NA,NA,NA,"KONE16116A",20160426,NA,"USGSNWQL",2016-04-19 17:20:00,"UTC"
"158","USGS","01193500",2016-04-19,"12:20",NA,NA,"EST","K","USGSCTWC","WS","30G1EQW00",NA,NA,NA,"9","9","9","no NESQA barcode on SLAR or bottle","62855",NA,0.36,NA,"AKP01","R",0.05,"DLDQC",NA,NA,NA,"PTNP118A",20160429,NA,"USGSNWQL",2016-04-19 17:20:00,"UTC"
"159","USGS","01193500",2016-05-10,"08:30",NA,NA,"EST","K","USGS-WRD","WS","10003LB00",NA,NA,NA,"5","9","3","A-1330017 Filter 1=218mL  Filter 2=199mL","00605","<",0.19,NA,"ALGOR","R",NA,NA,NA,NA,NA,NA,NA,NA,NA,2016-05-10 13:30:00,"UTC"
"160","USGS","01193500",2016-05-10,"08:30",NA,NA,"EST","K","USGS-WRD","WS","10003LB00",NA,NA,NA,"5","9","3","A-1330017 Filter 1=218mL  Filter 2=199mL","00608","<",0.01,NA,"SHC02","R",0.01,"DLDQC",NA,NA,NA,"KONE16134A",20160513,NA,"USGSNWQL",2016-05-10 13:30:00,"UTC"
"161","USGS","01193500",2016-05-10,"08:30",NA,NA,"EST","K","USGS-WRD","WS","10003LB00",NA,NA,NA,"5","9","3","A-1330017 Filter 1=218mL  Filter 2=199mL","00613","<",0.001,NA,"DZ001","R",0.001,"DLDQC",NA,NA,NA,"KONE16134A",20160513,NA,"USGSNWQL",2016-05-10 13:30:00,"UTC"
"162","USGS","01193500",2016-05-10,"08:30",NA,NA,"EST","K","USGS-WRD","WS","10003LB00",NA,NA,NA,"5","9","3","A-1330017 Filter 1=218mL  Filter 2=199mL","00618",NA,0.095,NA,"ALGOR","R",NA,NA,NA,NA,NA,NA,NA,NA,NA,2016-05-10 13:30:00,"UTC"
"163","USGS","01193500",2016-05-10,"08:30",NA,NA,"EST","K","USGS-WRD","WS","10003LB00",NA,NA,NA,"5","9","3","A-1330017 Filter 1=218mL  Filter 2=199mL","00631",NA,0.095,NA,"RED01","R",0.04,"DLDQC",NA,NA,NA,"KNO316139A",20160519,NA,"USGSNWQL",2016-05-10 13:30:00,"UTC"
"164","USGS","01193500",2016-05-10,"08:30",NA,NA,"EST","K","USGS-WRD","WS","10003LB00",NA,NA,NA,"5","9","3","A-1330017 Filter 1=218mL  Filter 2=199mL","00660","<",0.012,NA,"ALGOR","R",NA,NA,NA,NA,NA,NA,NA,NA,NA,2016-05-10 13:30:00,"UTC"
"165","USGS","01193500",2016-05-10,"08:30",NA,NA,"EST","K","USGS-WRD","WS","10003LB00",NA,NA,NA,"5","9","3","A-1330017 Filter 1=218mL  Filter 2=199mL","00665",NA,0.01,NA,"CL021","R",0.004,"DLDQC",NA,NA,NA,"PELW144A",20160523,NA,"USGSNWQL",2016-05-10 13:30:00,"UTC"
"166","USGS","01193500",2016-05-10,"08:30",NA,NA,"EST","K","USGS-WRD","WS","10003LB00",NA,NA,NA,"5","9","3","A-1330017 Filter 1=218mL  Filter 2=199mL","00671","<",0.004,NA,"PHM01","R",0.004,"DLDQC",NA,NA,NA,"KONE16134A",20160513,NA,"USGSNWQL",2016-05-10 13:30:00,"UTC"
"167","USGS","01193500",2016-05-19,"12:20",NA,NA,"EST","K",NA,"WS",NA,NA,"0","94","4","9","9",NA,"00605","<",0.21,NA,"ALGOR","R",NA,NA,NA,NA,NA,NA,NA,NA,NA,2016-05-19 17:20:00,"UTC"
"168","USGS","01193500",2016-05-19,"12:20",NA,NA,"EST","K",NA,"WS",NA,NA,"0","94","4","9","9",NA,"00608","<",0.01,NA,"SHC02","R",0.01,"DLDQC",NA,NA,NA,"KONE16148A",20160531,NA,"USGSNWQL",2016-05-19 17:20:00,"UTC"
"169","USGS","01193500",2016-05-19,"12:20",NA,NA,"EST","K",NA,"WS",NA,NA,"0","94","4","9","9",NA,"00613","<",0.001,NA,"DZ001","R",0.001,"DLDQC",NA,NA,NA,"KONE16148A",20160531,NA,"USGSNWQL",2016-05-19 17:20:00,"UTC"
"170","USGS","01193500",2016-05-19,"12:20",NA,NA,"EST","K",NA,"WS",NA,NA,"0","94","4","9","9",NA,"00618",NA,0.092,NA,"ALGOR","R",NA,NA,NA,NA,NA,NA,NA,NA,NA,2016-05-19 17:20:00,"UTC"
"171","USGS","01193500",2016-05-19,"12:20",NA,NA,"EST","K",NA,"WS",NA,NA,"0","94","4","9","9",NA,"00631",NA,0.092,NA,"RED01","R",0.04,"DLDQC",NA,NA,NA,"KNO316158A",20160606,NA,"USGSNWQL",2016-05-19 17:20:00,"UTC"
"172","USGS","01193500",2016-05-19,"12:20",NA,NA,"EST","K",NA,"WS",NA,NA,"0","94","4","9","9",NA,"00660","<",0.012,NA,"ALGOR","R",NA,NA,NA,NA,NA,NA,NA,NA,NA,2016-05-19 17:20:00,"UTC"
"173","USGS","01193500",2016-05-19,"12:20",NA,NA,"EST","K",NA,"WS",NA,NA,"0","94","4","9","9",NA,"00665",NA,0.011,"e","CL021","R",0.004,"DLDQC",NA,NA,NA,"PELW152C",20160609,NA,"USGSNWQL",2016-05-19 17:20:00,"UTC"
"174","USGS","01193500",2016-05-19,"12:20",NA,NA,"EST","K",NA,"WS",NA,NA,"0","94","4","9","9",NA,"00671","<",0.004,NA,"PHM01","R",0.004,"DLDQC",NA,NA,NA,"KONE16148A",20160531,NA,"USGSNWQL",2016-05-19 17:20:00,"UTC"
"175","USGS","01193500",2016-05-19,"12:20",NA,NA,"EST","K",NA,"WS",NA,NA,"0","94","4","9","9",NA,"62855",NA,0.31,NA,"AKP01","R",0.05,"DLDQC",NA,NA,NA,"PTNP147A",20160526,NA,"USGSNWQL",2016-05-19 17:20:00,"UTC"
"176","USGS","01193500",2016-06-01,"09:15",NA,NA,"EST","K","USGS-WRD","WS","10003LB00",NA,NA,NA,"5","9","3",NA,"00605",NA,0.36,NA,"ALGOR","R",NA,NA,NA,NA,NA,NA,NA,NA,NA,2016-06-01 14:15:00,"UTC"
"177","USGS","01193500",2016-06-01,"09:15",NA,NA,"EST","K","USGS-WRD","WS","10003LB00",NA,NA,NA,"5","9","3",NA,"00608",NA,0.02,NA,"SHC02","R",0.01,"DLDQC",NA,NA,NA,"KONE16159A",20160607,NA,"USGSNWQL",2016-06-01 14:15:00,"UTC"
"178","USGS","01193500",2016-06-01,"09:15",NA,NA,"EST","K","USGS-WRD","WS","10003LB00",NA,NA,NA,"5","9","3",NA,"00613",NA,0.002,"n","DZ001","R",0.001,"DLDQC",NA,NA,NA,"KONE16159A",20160607,NA,"USGSNWQL",2016-06-01 14:15:00,"UTC"
"179","USGS","01193500",2016-06-01,"09:15",NA,NA,"EST","K","USGS-WRD","WS","10003LB00",NA,NA,NA,"5","9","3",NA,"00618",NA,0.159,NA,"ALGOR","R",NA,NA,NA,NA,NA,NA,NA,NA,NA,2016-06-01 14:15:00,"UTC"
"180","USGS","01193500",2016-06-01,"09:15",NA,NA,"EST","K","USGS-WRD","WS","10003LB00",NA,NA,NA,"5","9","3",NA,"00631",NA,0.161,NA,"RED01","R",0.04,"DLDQC",NA,NA,NA,"KNO316165A",20160613,NA,"USGSNWQL",2016-06-01 14:15:00,"UTC"
"181","USGS","01193500",2016-06-01,"09:15",NA,NA,"EST","K","USGS-WRD","WS","10003LB00",NA,NA,NA,"5","9","3",NA,"00660",NA,0.014,NA,"ALGOR","R",NA,NA,NA,NA,NA,NA,NA,NA,NA,2016-06-01 14:15:00,"UTC"
"182","USGS","01193500",2016-06-01,"09:15",NA,NA,"EST","K","USGS-WRD","WS","10003LB00",NA,NA,NA,"5","9","3",NA,"00665",NA,0.031,NA,"CL021","R",0.004,"DLDQC",NA,NA,NA,"PELW161A",20160610,NA,"USGSNWQL",2016-06-01 14:15:00,"UTC"
"183","USGS","01193500",2016-06-01,"09:15",NA,NA,"EST","K","USGS-WRD","WS","10003LB00",NA,NA,NA,"5","9","3",NA,"00671",NA,0.004,"n","PHM01","R",0.004,"DLDQC",NA,NA,NA,"KONE16159A",20160607,NA,"USGSNWQL",2016-06-01 14:15:00,"UTC"
"184","USGS","01193500",2016-06-15,"09:50",NA,NA,"EST","K","USGS","WS","30G1EQW00",NA,NA,NA,"5","9","9",NA,"00605","<",0.23,NA,"ALGOR","R",NA,NA,NA,NA,NA,NA,NA,NA,NA,2016-06-15 14:50:00,"UTC"
"185","USGS","01193500",2016-06-15,"09:50",NA,NA,"EST","K","USGS","WS","30G1EQW00",NA,NA,NA,"5","9","9",NA,"00608","<",0.01,NA,"SHC02","R",0.01,"DLDQC",NA,NA,NA,"KONE16173A",20160622,NA,"USGSNWQL",2016-06-15 14:50:00,"UTC"
"186","USGS","01193500",2016-06-15,"09:50",NA,NA,"EST","K","USGS","WS","30G1EQW00",NA,NA,NA,"5","9","9",NA,"00613",NA,0.002,"n","DZ001","R",0.001,"DLDQC",NA,NA,NA,"KONE16173A",20160622,NA,"USGSNWQL",2016-06-15 14:50:00,"UTC"
"187","USGS","01193500",2016-06-15,"09:50",NA,NA,"EST","K","USGS","WS","30G1EQW00",NA,NA,NA,"5","9","9",NA,"00618",NA,0.211,NA,"ALGOR","R",NA,NA,NA,NA,NA,NA,NA,NA,NA,2016-06-15 14:50:00,"UTC"
"188","USGS","01193500",2016-06-15,"09:50",NA,NA,"EST","K","USGS","WS","30G1EQW00",NA,NA,NA,"5","9","9",NA,"00631",NA,0.213,NA,"RED01","R",0.04,"DLDQC",NA,NA,NA,"KNO316175B",20160624,NA,"USGSNWQL",2016-06-15 14:50:00,"UTC"
"189","USGS","01193500",2016-06-15,"09:50",NA,NA,"EST","K","USGS","WS","30G1EQW00",NA,NA,NA,"5","9","9",NA,"00660",NA,0.015,NA,"ALGOR","R",NA,NA,NA,NA,NA,NA,NA,NA,NA,2016-06-15 14:50:00,"UTC"
"190","USGS","01193500",2016-06-15,"09:50",NA,NA,"EST","K","USGS","WS","30G1EQW00",NA,NA,NA,"5","9","9",NA,"00665",NA,0.016,"e","CL021","R",0.004,"DLDQC",NA,NA,NA,"PELW173B",20160623,NA,"USGSNWQL",2016-06-15 14:50:00,"UTC"
"191","USGS","01193500",2016-06-15,"09:50",NA,NA,"EST","K","USGS","WS","30G1EQW00",NA,NA,NA,"5","9","9",NA,"00671",NA,0.005,"n","PHM01","R",0.004,"DLDQC",NA,NA,NA,"KONE16173A",20160622,NA,"USGSNWQL",2016-06-15 14:50:00,"UTC"
"192","USGS","01193500",2016-06-15,"09:50",NA,NA,"EST","K","USGS","WS","30G1EQW00",NA,NA,NA,"5","9","9",NA,"62855",NA,0.45,NA,"AKP01","R",0.05,"DLDQC",NA,NA,NA,"PTNP172B",20160621,NA,"USGSNWQL",2016-06-15 14:50:00,"UTC"
"193","USGS","01193500",2016-07-05,"11:30",NA,NA,"EST","K","USGS-WRD","WS","10003LB00",NA,NA,NA,"9","7","3",NA,"00605","<",0.21,NA,"ALGOR","R",NA,NA,NA,NA,NA,NA,NA,NA,NA,2016-07-05 16:30:00,"UTC"
"194","USGS","01193500",2016-07-05,"11:30",NA,NA,"EST","K","USGS-WRD","WS","10003LB00",NA,NA,NA,"9","7","3",NA,"00608","<",0.01,NA,"SHC02","R",0.01,"DLDQC",NA,NA,NA,"KONE16193A",20160712,NA,"USGSNWQL",2016-07-05 16:30:00,"UTC"
"195","USGS","01193500",2016-07-05,"11:30",NA,NA,"EST","K","USGS-WRD","WS","10003LB00",NA,NA,NA,"9","7","3",NA,"00613",NA,0.001,"n","DZ001","R",0.001,"DLDQC",NA,NA,NA,"KONE16193A",20160712,NA,"USGSNWQL",2016-07-05 16:30:00,"UTC"
"196","USGS","01193500",2016-07-05,"11:30",NA,NA,"EST","K","USGS-WRD","WS","10003LB00",NA,NA,NA,"9","7","3",NA,"00618",NA,0.122,NA,"ALGOR","R",NA,NA,NA,NA,NA,NA,NA,NA,NA,2016-07-05 16:30:00,"UTC"
"197","USGS","01193500",2016-07-05,"11:30",NA,NA,"EST","K","USGS-WRD","WS","10003LB00",NA,NA,NA,"9","7","3",NA,"00631",NA,0.123,NA,"RED01","R",0.04,"DLDQC",NA,NA,NA,"KNO316195B",20160713,NA,"USGSNWQL",2016-07-05 16:30:00,"UTC"
"198","USGS","01193500",2016-07-05,"11:30",NA,NA,"EST","K","USGS-WRD","WS","10003LB00",NA,NA,NA,"9","7","3",NA,"00660","<",0.012,NA,"ALGOR","R",NA,NA,NA,NA,NA,NA,NA,NA,NA,2016-07-05 16:30:00,"UTC"
"199","USGS","01193500",2016-07-05,"11:30",NA,NA,"EST","K","USGS-WRD","WS","10003LB00",NA,NA,NA,"9","7","3",NA,"00665",NA,0.019,NA,"CL021","R",0.004,"DLDQC",NA,NA,NA,"PELW194E",20160714,NA,"USGSNWQL",2016-07-05 16:30:00,"UTC"
"200","USGS","01193500",2016-07-05,"11:30",NA,NA,"EST","K","USGS-WRD","WS","10003LB00",NA,NA,NA,"9","7","3",NA,"00671","<",0.004,NA,"PHM01","R",0.004,"DLDQC",NA,NA,NA,"KONE16193A",20160712,NA,"USGSNWQL",2016-07-05 16:30:00,"UTC"
"201","USGS","01193500",2016-07-13,"14:10",NA,NA,"EST","K","USGS-WRD","WS","30G1EQW00",NA,NA,NA,"5","9","9",NA,"00605","<",0.27,NA,"ALGOR","R",NA,NA,NA,NA,NA,NA,NA,NA,NA,2016-07-13 19:10:00,"UTC"
"202","USGS","01193500",2016-07-13,"14:10",NA,NA,"EST","K","USGS-WRD","WS","30G1EQW00",NA,NA,NA,"5","9","9",NA,"00608","<",0.01,NA,"SHC02","R",0.01,"DLDQC",NA,NA,NA,"KONE16208A",20160726,NA,"USGSNWQL",2016-07-13 19:10:00,"UTC"
"203","USGS","01193500",2016-07-13,"14:10",NA,NA,"EST","K","USGS-WRD","WS","30G1EQW00",NA,NA,NA,"5","9","9",NA,"00613",NA,0.001,"n","DZ001","R",0.001,"DLDQC",NA,NA,NA,"KONE16201A",20160720,NA,"USGSNWQL",2016-07-13 19:10:00,"UTC"
"204","USGS","01193500",2016-07-13,"14:10",NA,NA,"EST","K","USGS-WRD","WS","30G1EQW00",NA,NA,NA,"5","9","9",NA,"00618",NA,0.098,NA,"ALGOR","R",NA,NA,NA,NA,NA,NA,NA,NA,NA,2016-07-13 19:10:00,"UTC"
"205","USGS","01193500",2016-07-13,"14:10",NA,NA,"EST","K","USGS-WRD","WS","30G1EQW00",NA,NA,NA,"5","9","9",NA,"00631",NA,0.099,NA,"RED01","R",0.04,"DLDQC",NA,NA,NA,"KNO316201B",20160720,NA,"USGSNWQL",2016-07-13 19:10:00,"UTC"
"206","USGS","01193500",2016-07-13,"14:10",NA,NA,"EST","K","USGS-WRD","WS","30G1EQW00",NA,NA,NA,"5","9","9",NA,"00660","<",0.012,NA,"ALGOR","R",NA,NA,NA,NA,NA,NA,NA,NA,NA,2016-07-13 19:10:00,"UTC"
"207","USGS","01193500",2016-07-13,"14:10",NA,NA,"EST","K","USGS-WRD","WS","30G1EQW00",NA,NA,NA,"5","9","9",NA,"00665",NA,0.019,NA,"CL021","R",0.004,"DLDQC",NA,NA,NA,"PELW207A",20160726,NA,"USGSNWQL",2016-07-13 19:10:00,"UTC"
"208","USGS","01193500",2016-07-13,"14:10",NA,NA,"EST","K","USGS-WRD","WS","30G1EQW00",NA,NA,NA,"5","9","9",NA,"00671","<",0.004,NA,"PHM01","R",0.004,"DLDQC",NA,NA,NA,"KONE16201A",20160720,NA,"USGSNWQL",2016-07-13 19:10:00,"UTC"
"209","USGS","01193500",2016-07-13,"14:10",NA,NA,"EST","K","USGS-WRD","WS","30G1EQW00",NA,NA,NA,"5","9","9",NA,"62855",NA,0.37,NA,"AKP01","R",0.05,"DLDQC",NA,NA,NA,"PTNP207A",20160725,NA,"USGSNWQL",2016-07-13 19:10:00,"UTC"
"210","USGS","01193500",2016-07-20,"12:20",NA,NA,"EST","K","USGS-WRD","WS","30G1EQW00",NA,NA,NA,"4","9","9",NA,"00605",NA,0.2,NA,"ALGOR","R",NA,NA,NA,NA,NA,NA,NA,NA,NA,2016-07-20 17:20:00,"UTC"
"211","USGS","01193500",2016-07-20,"12:20",NA,NA,"EST","K","USGS-WRD","WS","30G1EQW00",NA,NA,NA,"4","9","9",NA,"00608",NA,0.01,"n","SHC02","R",0.01,"DLDQC",NA,NA,NA,"KONE16209B",20160728,NA,"USGSNWQL",2016-07-20 17:20:00,"UTC"
"212","USGS","01193500",2016-07-20,"12:20",NA,NA,"EST","K","USGS-WRD","WS","30G1EQW00",NA,NA,NA,"4","9","9",NA,"00613",NA,0.001,"n","DZ001","R",0.001,"DLDQC",NA,NA,NA,"KONE16209B",20160728,NA,"USGSNWQL",2016-07-20 17:20:00,"UTC"
"213","USGS","01193500",2016-07-20,"12:20",NA,NA,"EST","K","USGS-WRD","WS","30G1EQW00",NA,NA,NA,"4","9","9",NA,"00618",NA,0.108,NA,"ALGOR","R",NA,NA,NA,NA,NA,NA,NA,NA,NA,2016-07-20 17:20:00,"UTC"
"214","USGS","01193500",2016-07-20,"12:20",NA,NA,"EST","K","USGS-WRD","WS","30G1EQW00",NA,NA,NA,"4","9","9",NA,"00631",NA,0.109,NA,"RED01","R",0.04,"DLDQC",NA,NA,NA,"KNO316209A",20160727,NA,"USGSNWQL",2016-07-20 17:20:00,"UTC"
"215","USGS","01193500",2016-07-20,"12:20",NA,NA,"EST","K","USGS-WRD","WS","30G1EQW00",NA,NA,NA,"4","9","9",NA,"00660","<",0.012,NA,"ALGOR","R",NA,NA,NA,NA,NA,NA,NA,NA,NA,2016-07-20 17:20:00,"UTC"
"216","USGS","01193500",2016-07-20,"12:20",NA,NA,"EST","K","USGS-WRD","WS","30G1EQW00",NA,NA,NA,"4","9","9",NA,"00665",NA,0.01,"e","CL021","R",0.004,"DLDQC",NA,NA,NA,"PELW209C",20160728,NA,"USGSNWQL",2016-07-20 17:20:00,"UTC"
"217","USGS","01193500",2016-07-20,"12:20",NA,NA,"EST","K","USGS-WRD","WS","30G1EQW00",NA,NA,NA,"4","9","9",NA,"00671","<",0.004,NA,"PHM01","R",0.004,"DLDQC",NA,NA,NA,"KONE16209B",20160728,NA,"USGSNWQL",2016-07-20 17:20:00,"UTC"
"218","USGS","01193500",2016-07-20,"12:20",NA,NA,"EST","K","USGS-WRD","WS","30G1EQW00",NA,NA,NA,"4","9","9",NA,"62855",NA,0.32,NA,"AKP01","R",0.05,"DLDQC",NA,NA,NA,"PTNP214A",20160801,NA,"USGSNWQL",2016-07-20 17:20:00,"UTC"
"219","USGS","01193500",2016-07-27,"13:20",NA,NA,"EST","K","USGS-WRD","WS","30G1EQW00",NA,NA,NA,"5","9","9",NA,"00605",NA,0.1,NA,"ALGOR","R",NA,NA,NA,NA,NA,NA,NA,NA,NA,2016-07-27 18:20:00,"UTC"
"220","USGS","01193500",2016-07-27,"13:20",NA,NA,"EST","K","USGS-WRD","WS","30G1EQW00",NA,NA,NA,"5","9","9",NA,"00608",NA,0.01,"n","SHC02","R",0.01,"DLDQC",NA,NA,NA,"KONE16216A",20160803,NA,"USGSNWQL",2016-07-27 18:20:00,"UTC"
"221","USGS","01193500",2016-07-27,"13:20",NA,NA,"EST","K","USGS-WRD","WS","30G1EQW00",NA,NA,NA,"5","9","9",NA,"00613",NA,0.002,"n","DZ001","R",0.001,"DLDQC",NA,NA,NA,"KONE16216A",20160803,NA,"USGSNWQL",2016-07-27 18:20:00,"UTC"
"222","USGS","01193500",2016-07-27,"13:20",NA,NA,"EST","K","USGS-WRD","WS","30G1EQW00",NA,NA,NA,"5","9","9",NA,"00618",NA,0.179,NA,"ALGOR","R",NA,NA,NA,NA,NA,NA,NA,NA,NA,2016-07-27 18:20:00,"UTC"
"223","USGS","01193500",2016-07-27,"13:20",NA,NA,"EST","K","USGS-WRD","WS","30G1EQW00",NA,NA,NA,"5","9","9",NA,"00631",NA,0.181,NA,"RED01","R",0.04,"DLDQC",NA,NA,NA,"KNO316222A",20160809,NA,"USGSNWQL",2016-07-27 18:20:00,"UTC"
"224","USGS","01193500",2016-07-27,"13:20",NA,NA,"EST","K","USGS-WRD","WS","30G1EQW00",NA,NA,NA,"5","9","9",NA,"00660","<",0.012,NA,"ALGOR","R",NA,NA,NA,NA,NA,NA,NA,NA,NA,2016-07-27 18:20:00,"UTC"
"225","USGS","01193500",2016-07-27,"13:20",NA,NA,"EST","K","USGS-WRD","WS","30G1EQW00",NA,NA,NA,"5","9","9",NA,"00665",NA,0.017,"e","CL021","R",0.004,"DLDQC",NA,NA,NA,"PELW221A",20160811,NA,"USGSNWQL",2016-07-27 18:20:00,"UTC"
"226","USGS","01193500",2016-07-27,"13:20",NA,NA,"EST","K","USGS-WRD","WS","30G1EQW00",NA,NA,NA,"5","9","9",NA,"00671","<",0.004,NA,"PHM01","R",0.004,"DLDQC",NA,NA,NA,"KONE16216A",20160803,NA,"USGSNWQL",2016-07-27 18:20:00,"UTC"
"227","USGS","01193500",2016-07-27,"13:20",NA,NA,"EST","K","USGS-WRD","WS","30G1EQW00",NA,NA,NA,"5","9","9",NA,"62855",NA,0.29,NA,"AKP01","R",0.05,"DLDQC",NA,NA,NA,"PTNP216B",20160804,NA,"USGSNWQL",2016-07-27 18:20:00,"UTC"
"228","USGS","01193500",2016-08-03,"09:40",NA,NA,"EST","K","USGS-WRD","WS",NA,NA,NA,NA,"8","9","9",NA,"00605","<",0.18,NA,"ALGOR","R",NA,NA,NA,NA,NA,NA,NA,NA,NA,2016-08-03 14:40:00,"UTC"
"229","USGS","01193500",2016-08-03,"09:40",NA,NA,"EST","K","USGS-WRD","WS",NA,NA,NA,NA,"8","9","9",NA,"00608","<",0.01,NA,"SHC02","R",0.01,"DLDQC",NA,NA,NA,"KONE16222A",20160809,NA,"USGSNWQL",2016-08-03 14:40:00,"UTC"
"230","USGS","01193500",2016-08-03,"09:40",NA,NA,"EST","K","USGS-WRD","WS",NA,NA,NA,NA,"8","9","9",NA,"00613",NA,0.001,"n","DZ001","R",0.001,"DLDQC",NA,NA,NA,"KONE16222A",20160809,NA,"USGSNWQL",2016-08-03 14:40:00,"UTC"
"231","USGS","01193500",2016-08-03,"09:40",NA,NA,"EST","K","USGS-WRD","WS",NA,NA,NA,NA,"8","9","9",NA,"00618",NA,0.127,NA,"ALGOR","R",NA,NA,NA,NA,NA,NA,NA,NA,NA,2016-08-03 14:40:00,"UTC"
"232","USGS","01193500",2016-08-03,"09:40",NA,NA,"EST","K","USGS-WRD","WS",NA,NA,NA,NA,"8","9","9",NA,"00631",NA,0.128,NA,"RED01","R",0.04,"DLDQC",NA,NA,NA,"KNO316237A",20160824,NA,"USGSNWQL",2016-08-03 14:40:00,"UTC"
"233","USGS","01193500",2016-08-03,"09:40",NA,NA,"EST","K","USGS-WRD","WS",NA,NA,NA,NA,"8","9","9",NA,"00660","<",0.012,NA,"ALGOR","R",NA,NA,NA,NA,NA,NA,NA,NA,NA,2016-08-03 14:40:00,"UTC"
"234","USGS","01193500",2016-08-03,"09:40",NA,NA,"EST","K","USGS-WRD","WS",NA,NA,NA,NA,"8","9","9",NA,"00665",NA,0.01,"e","CL021","R",0.004,"DLDQC",NA,NA,NA,"PELW228E",20160816,NA,"USGSNWQL",2016-08-03 14:40:00,"UTC"
"235","USGS","01193500",2016-08-03,"09:40",NA,NA,"EST","K","USGS-WRD","WS",NA,NA,NA,NA,"8","9","9",NA,"00671","<",0.004,NA,"PHM01","R",0.004,"DLDQC",NA,NA,NA,"KONE16222A",20160809,NA,"USGSNWQL",2016-08-03 14:40:00,"UTC"
"236","USGS","01193500",2016-08-03,"09:40",NA,NA,"EST","K","USGS-WRD","WS",NA,NA,NA,NA,"8","9","9",NA,"62855",NA,0.31,NA,"AKP01","R",0.05,"DLDQC",NA,NA,NA,"PTNP228A",20160815,NA,"USGSNWQL",2016-08-03 14:40:00,"UTC"
"237","USGS","01193500",2016-08-03,"11:00",NA,NA,"EST","K","USGS-WRD","WS","10003LB00",NA,NA,NA,"8","9","3",NA,"00605","<",0.18,NA,"ALGOR","R",NA,NA,NA,NA,NA,NA,NA,NA,NA,2016-08-03 16:00:00,"UTC"
"238","USGS","01193500",2016-08-03,"11:00",NA,NA,"EST","K","USGS-WRD","WS","10003LB00",NA,NA,NA,"8","9","3",NA,"00608","<",0.01,NA,"SHC02","R",0.01,"DLDQC",NA,NA,NA,"KONE16222A",20160809,NA,"USGSNWQL",2016-08-03 16:00:00,"UTC"
"239","USGS","01193500",2016-08-03,"11:00",NA,NA,"EST","K","USGS-WRD","WS","10003LB00",NA,NA,NA,"8","9","3",NA,"00613",NA,0.001,"n","DZ001","R",0.001,"DLDQC",NA,NA,NA,"KONE16222A",20160809,NA,"USGSNWQL",2016-08-03 16:00:00,"UTC"
"240","USGS","01193500",2016-08-03,"11:00",NA,NA,"EST","K","USGS-WRD","WS","10003LB00",NA,NA,NA,"8","9","3",NA,"00618",NA,0.126,NA,"ALGOR","R",NA,NA,NA,NA,NA,NA,NA,NA,NA,2016-08-03 16:00:00,"UTC"
"241","USGS","01193500",2016-08-03,"11:00",NA,NA,"EST","K","USGS-WRD","WS","10003LB00",NA,NA,NA,"8","9","3",NA,"00631",NA,0.128,NA,"RED01","R",0.04,"DLDQC",NA,NA,NA,"KNO316235A",20160822,NA,"USGSNWQL",2016-08-03 16:00:00,"UTC"
"242","USGS","01193500",2016-08-03,"11:00",NA,NA,"EST","K","USGS-WRD","WS","10003LB00",NA,NA,NA,"8","9","3",NA,"00660","<",0.012,NA,"ALGOR","R",NA,NA,NA,NA,NA,NA,NA,NA,NA,2016-08-03 16:00:00,"UTC"
"243","USGS","01193500",2016-08-03,"11:00",NA,NA,"EST","K","USGS-WRD","WS","10003LB00",NA,NA,NA,"8","9","3",NA,"00665",NA,0.015,"e","CL021","R",0.004,"DLDQC",NA,NA,NA,"PELW228F",20160818,NA,"USGSNWQL",2016-08-03 16:00:00,"UTC"
"244","USGS","01193500",2016-08-03,"11:00",NA,NA,"EST","K","USGS-WRD","WS","10003LB00",NA,NA,NA,"8","9","3",NA,"00671","<",0.004,NA,"PHM01","R",0.004,"DLDQC",NA,NA,NA,"KONE16222A",20160809,NA,"USGSNWQL",2016-08-03 16:00:00,"UTC"
"245","USGS","01193500",2016-08-19,"08:40",NA,NA,"EST","K","USGS-WRD","WS","30G1EQW00",NA,NA,NA,"4","9","9",NA,"00605",NA,0.2,NA,"ALGOR","R",NA,NA,NA,NA,NA,NA,NA,NA,NA,2016-08-19 13:40:00,"UTC"
"246","USGS","01193500",2016-08-19,"08:40",NA,NA,"EST","K","USGS-WRD","WS","30G1EQW00",NA,NA,NA,"4","9","9",NA,"00608",NA,0.01,"n","SHC02","R",0.01,"DLDQC",NA,NA,NA,"KONE16239A",20160826,NA,"USGSNWQL",2016-08-19 13:40:00,"UTC"
"247","USGS","01193500",2016-08-19,"08:40",NA,NA,"EST","K","USGS-WRD","WS","30G1EQW00",NA,NA,NA,"4","9","9",NA,"00613",NA,0.001,"n","DZ001","R",0.001,"DLDQC",NA,NA,NA,"KONE16239A",20160826,NA,"USGSNWQL",2016-08-19 13:40:00,"UTC"
"248","USGS","01193500",2016-08-19,"08:40",NA,NA,"EST","K","USGS-WRD","WS","30G1EQW00",NA,NA,NA,"4","9","9",NA,"00618",NA,0.091,NA,"ALGOR","R",NA,NA,NA,NA,NA,NA,NA,NA,NA,2016-08-19 13:40:00,"UTC"
"249","USGS","01193500",2016-08-19,"08:40",NA,NA,"EST","K","USGS-WRD","WS","30G1EQW00",NA,NA,NA,"4","9","9",NA,"00631",NA,0.092,NA,"RED01","R",0.04,"DLDQC",NA,NA,NA,"KNO316243A",20160830,NA,"USGSNWQL",2016-08-19 13:40:00,"UTC"
"250","USGS","01193500",2016-08-19,"08:40",NA,NA,"EST","K","USGS-WRD","WS","30G1EQW00",NA,NA,NA,"4","9","9",NA,"00660","<",0.012,NA,"ALGOR","R",NA,NA,NA,NA,NA,NA,NA,NA,NA,2016-08-19 13:40:00,"UTC"
"251","USGS","01193500",2016-08-19,"08:40",NA,NA,"EST","K","USGS-WRD","WS","30G1EQW00",NA,NA,NA,"4","9","9",NA,"00665",NA,0.013,"e","CL021","R",0.004,"DLDQC",NA,NA,NA,"PELW246A",20160906,NA,"USGSNWQL",2016-08-19 13:40:00,"UTC"
"252","USGS","01193500",2016-08-19,"08:40",NA,NA,"EST","K","USGS-WRD","WS","30G1EQW00",NA,NA,NA,"4","9","9",NA,"00671","<",0.004,NA,"PHM01","R",0.004,"DLDQC",NA,NA,NA,"KONE16239A",20160826,NA,"USGSNWQL",2016-08-19 13:40:00,"UTC"
"253","USGS","01193500",2016-08-19,"08:40",NA,NA,"EST","K","USGS-WRD","WS","30G1EQW00",NA,NA,NA,"4","9","9",NA,"62855",NA,0.3,NA,"AKP01","R",0.05,"DLDQC",NA,NA,NA,"PTNP238A",20160826,NA,"USGSNWQL",2016-08-19 13:40:00,"UTC"
"254","USGS","01193500",2016-09-14,"09:20",NA,NA,"EST","K","USGS-WRD","WS","30G1EQW00",NA,NA,NA,"4","9","9",NA,"00605","<",0.14,NA,"ALGOR","R",NA,NA,NA,NA,NA,NA,NA,NA,NA,2016-09-14 14:20:00,"UTC"
"255","USGS","01193500",2016-09-14,"09:20",NA,NA,"EST","K","USGS-WRD","WS","30G1EQW00",NA,NA,NA,"4","9","9",NA,"00608","<",0.01,NA,"SHC02","R",0.01,"DLDQC",NA,NA,NA,"KONE16263A",20160919,NA,"USGSNWQL",2016-09-14 14:20:00,"UTC"
"256","USGS","01193500",2016-09-14,"09:20",NA,NA,"EST","K","USGS-WRD","WS","30G1EQW00",NA,NA,NA,"4","9","9",NA,"00613",NA,0.001,"n","DZ001","R",0.001,"DLDQC",NA,NA,NA,"KONE16265A",20160922,NA,"USGSNWQL",2016-09-14 14:20:00,"UTC"
"257","USGS","01193500",2016-09-14,"09:20",NA,NA,"EST","K","USGS-WRD","WS","30G1EQW00",NA,NA,NA,"4","9","9",NA,"00618",NA,0.116,NA,"ALGOR","R",NA,NA,NA,NA,NA,NA,NA,NA,NA,2016-09-14 14:20:00,"UTC"
"258","USGS","01193500",2016-09-14,"09:20",NA,NA,"EST","K","USGS-WRD","WS","30G1EQW00",NA,NA,NA,"4","9","9",NA,"00631",NA,0.117,NA,"RED01","R",0.04,"DLDQC",NA,NA,NA,"KNO316277A",20161003,NA,"USGSNWQL",2016-09-14 14:20:00,"UTC"
"259","USGS","01193500",2016-09-14,"09:20",NA,NA,"EST","K","USGS-WRD","WS","30G1EQW00",NA,NA,NA,"4","9","9",NA,"00660","<",0.012,NA,"ALGOR","R",NA,NA,NA,NA,NA,NA,NA,NA,NA,2016-09-14 14:20:00,"UTC"
"260","USGS","01193500",2016-09-14,"09:20",NA,NA,"EST","K","USGS-WRD","WS","30G1EQW00",NA,NA,NA,"4","9","9",NA,"00665",NA,0.013,NA,"CL021","R",0.004,"DLDQC",NA,NA,NA,"PELW264B",20160921,NA,"USGSNWQL",2016-09-14 14:20:00,"UTC"
"261","USGS","01193500",2016-09-14,"09:20",NA,NA,"EST","K","USGS-WRD","WS","30G1EQW00",NA,NA,NA,"4","9","9",NA,"00671","<",0.004,NA,"PHM01","R",0.004,"DLDQC",NA,NA,NA,"KONE16263A",20160919,NA,"USGSNWQL",2016-09-14 14:20:00,"UTC"
"262","USGS","01193500",2016-09-14,"09:20",NA,NA,"EST","K","USGS-WRD","WS","30G1EQW00",NA,NA,NA,"4","9","9",NA,"62855",NA,0.26,NA,"AKP01","R",0.05,"DLDQC",NA,NA,NA,"PTNP265A",20160921,NA,"USGSNWQL",2016-09-14 14:20:00,"UTC"
"263","USGS","01193500",2016-09-16,"08:15",NA,NA,"EST","K","USGS-WRD","WS","10003LB00",NA,NA,NA,"4","9","3",NA,"00605","<",0.17,NA,"ALGOR","R",NA,NA,NA,NA,NA,NA,NA,NA,NA,2016-09-16 13:15:00,"UTC"
"264","USGS","01193500",2016-09-16,"08:15",NA,NA,"EST","K","USGS-WRD","WS","10003LB00",NA,NA,NA,"4","9","3",NA,"00608","<",0.01,NA,"SHC02","R",0.01,"DLDQC",NA,NA,NA,"KONE16265A",20160922,NA,"USGSNWQL",2016-09-16 13:15:00,"UTC"
"265","USGS","01193500",2016-09-16,"08:15",NA,NA,"EST","K","USGS-WRD","WS","10003LB00",NA,NA,NA,"4","9","3",NA,"00613","<",0.001,NA,"DZ001","R",0.001,"DLDQC",NA,NA,NA,"KONE16265A",20160922,NA,"USGSNWQL",2016-09-16 13:15:00,"UTC"
"266","USGS","01193500",2016-09-16,"08:15",NA,NA,"EST","K","USGS-WRD","WS","10003LB00",NA,NA,NA,"4","9","3",NA,"00618",NA,0.124,NA,"ALGOR","R",NA,NA,NA,NA,NA,NA,NA,NA,NA,2016-09-16 13:15:00,"UTC"
"267","USGS","01193500",2016-09-16,"08:15",NA,NA,"EST","K","USGS-WRD","WS","10003LB00",NA,NA,NA,"4","9","3",NA,"00631",NA,0.124,NA,"RED01","R",0.04,"DLDQC",NA,NA,NA,"KNO316279A",20161005,NA,"USGSNWQL",2016-09-16 13:15:00,"UTC"
"268","USGS","01193500",2016-09-16,"08:15",NA,NA,"EST","K","USGS-WRD","WS","10003LB00",NA,NA,NA,"4","9","3",NA,"00660","<",0.012,NA,"ALGOR","R",NA,NA,NA,NA,NA,NA,NA,NA,NA,2016-09-16 13:15:00,"UTC"
"269","USGS","01193500",2016-09-16,"08:15",NA,NA,"EST","K","USGS-WRD","WS","10003LB00",NA,NA,NA,"4","9","3",NA,"00665",NA,0.008,"e","CL021","R",0.004,"DLDQC",NA,NA,NA,"PELW271A",20160928,NA,"USGSNWQL",2016-09-16 13:15:00,"UTC"
"270","USGS","01193500",2016-09-16,"08:15",NA,NA,"EST","K","USGS-WRD","WS","10003LB00",NA,NA,NA,"4","9","3",NA,"00671","<",0.004,NA,"PHM01","R",0.004,"DLDQC",NA,NA,NA,"KONE16265A",20160922,NA,"USGSNWQL",2016-09-16 13:15:00,"UTC"
"271","USGS","01193500",2016-10-03,"09:00",NA,NA,"EST","K","USGS-WRD","WS","10003LB00",NA,NA,NA,"4","9","3",NA,"00605","<",0.13,NA,"ALGOR","S",NA,NA,NA,NA,NA,NA,NA,NA,NA,2016-10-03 14:00:00,"UTC"
"272","USGS","01193500",2016-10-03,"09:00",NA,NA,"EST","K","USGS-WRD","WS","10003LB00",NA,NA,NA,"4","9","3",NA,"00608","<",0.01,NA,"SHC02","S",0.01,"DLDQC",NA,NA,NA,"KONE16294A",20161021,NA,"USGSNWQL",2016-10-03 14:00:00,"UTC"
"273","USGS","01193500",2016-10-03,"09:00",NA,NA,"EST","K","USGS-WRD","WS","10003LB00",NA,NA,NA,"4","9","3",NA,"00613","<",0.001,NA,"DZ001","S",0.001,"DLDQC",NA,NA,NA,"KONE16285A",20161011,NA,"USGSNWQL",2016-10-03 14:00:00,"UTC"
"274","USGS","01193500",2016-10-03,"09:00",NA,NA,"EST","K","USGS-WRD","WS","10003LB00",NA,NA,NA,"4","9","3",NA,"00618",NA,0.098,NA,"ALGOR","S",NA,NA,NA,NA,NA,NA,NA,NA,NA,2016-10-03 14:00:00,"UTC"
"275","USGS","01193500",2016-10-03,"09:00",NA,NA,"EST","K","USGS-WRD","WS","10003LB00",NA,NA,NA,"4","9","3",NA,"00631",NA,0.098,NA,"RED01","S",0.04,"DLDQC",NA,NA,NA,"KNO316286A",20161012,NA,"USGSNWQL",2016-10-03 14:00:00,"UTC"
"276","USGS","01193500",2016-10-03,"09:00",NA,NA,"EST","K","USGS-WRD","WS","10003LB00",NA,NA,NA,"4","9","3",NA,"00660","<",0.012,NA,"ALGOR","S",NA,NA,NA,NA,NA,NA,NA,NA,NA,2016-10-03 14:00:00,"UTC"
"277","USGS","01193500",2016-10-03,"09:00",NA,NA,"EST","K","USGS-WRD","WS","10003LB00",NA,NA,NA,"4","9","3",NA,"00665",NA,0.005,"ne","CL021","S",0.004,"DLDQC",NA,NA,NA,"PELW281B",20161011,NA,"USGSNWQL",2016-10-03 14:00:00,"UTC"
"278","USGS","01193500",2016-10-03,"09:00",NA,NA,"EST","K","USGS-WRD","WS","10003LB00",NA,NA,NA,"4","9","3",NA,"00671","<",0.004,NA,"PHM01","S",0.004,"DLDQC",NA,NA,NA,"KONE16285A",20161011,NA,"USGSNWQL",2016-10-03 14:00:00,"UTC"
"279","USGS","01193500",2016-11-21,"10:15",NA,NA,"EST","K","USGS-WRD","WS","10003LB00",NA,NA,NA,"4","9","3",NA,"00605","<",0.22,NA,"ALGOR","S",NA,NA,NA,NA,NA,NA,NA,NA,NA,2016-11-21 15:15:00,"UTC"
"280","USGS","01193500",2016-11-21,"10:15",NA,NA,"EST","K","USGS-WRD","WS","10003LB00",NA,NA,NA,"4","9","3",NA,"00608","<",0.01,NA,"SHC02","S",0.01,"DLDQC",NA,NA,NA,"KONE16330A",20161128,NA,"USGSNWQL",2016-11-21 15:15:00,"UTC"
"281","USGS","01193500",2016-11-21,"10:15",NA,NA,"EST","K","USGS-WRD","WS","10003LB00",NA,NA,NA,"4","9","3",NA,"00613","<",0.001,NA,"DZ001","S",0.001,"DLDQC",NA,NA,NA,"KONE16330A",20161128,NA,"USGSNWQL",2016-11-21 15:15:00,"UTC"
"282","USGS","01193500",2016-11-21,"10:15",NA,NA,"EST","K","USGS-WRD","WS","10003LB00",NA,NA,NA,"4","9","3",NA,"00618",NA,0.051,NA,"ALGOR","S",NA,NA,NA,NA,NA,NA,NA,NA,NA,2016-11-21 15:15:00,"UTC"
"283","USGS","01193500",2016-11-21,"10:15",NA,NA,"EST","K","USGS-WRD","WS","10003LB00",NA,NA,NA,"4","9","3",NA,"00631",NA,0.051,"n","RED01","S",0.04,"DLDQC",NA,NA,NA,"KNO316333A",20161128,NA,"USGSNWQL",2016-11-21 15:15:00,"UTC"
"284","USGS","01193500",2016-11-21,"10:15",NA,NA,"EST","K","USGS-WRD","WS","10003LB00",NA,NA,NA,"4","9","3",NA,"00660","<",0.012,NA,"ALGOR","S",NA,NA,NA,NA,NA,NA,NA,NA,NA,2016-11-21 15:15:00,"UTC"
"285","USGS","01193500",2016-11-21,"10:15",NA,NA,"EST","K","USGS-WRD","WS","10003LB00",NA,NA,NA,"4","9","3",NA,"00665",NA,0.011,NA,"CL021","S",0.004,"DLDQC",NA,NA,NA,"PELW334B",20161201,NA,"USGSNWQL",2016-11-21 15:15:00,"UTC"
"286","USGS","01193500",2016-11-21,"10:15",NA,NA,"EST","K","USGS-WRD","WS","10003LB00",NA,NA,NA,"4","9","3",NA,"00671","<",0.004,NA,"PHM01","S",0.004,"DLDQC",NA,NA,NA,"KONE16330A",20161128,NA,"USGSNWQL",2016-11-21 15:15:00,"UTC"
"287","USGS","01193500",2016-12-12,"09:45",NA,NA,"EST","K","USGS-WRD","WS","10003LB00",NA,NA,NA,"8","9","3",NA,"00605","<",0.22,NA,"ALGOR","S",NA,NA,NA,NA,NA,NA,NA,NA,NA,2016-12-12 14:45:00,"UTC"
"288","USGS","01193500",2016-12-12,"09:45",NA,NA,"EST","K","USGS-WRD","WS","10003LB00",NA,NA,NA,"8","9","3",NA,"00608","<",0.01,NA,"SHC02","S",0.01,"DLDQC",NA,NA,NA,"KONE16348A",20161214,NA,"USGSNWQL",2016-12-12 14:45:00,"UTC"
"289","USGS","01193500",2016-12-12,"09:45",NA,NA,"EST","K","USGS-WRD","WS","10003LB00",NA,NA,NA,"8","9","3",NA,"00613",NA,0.001,"n","DZ001","S",0.001,"DLDQC",NA,NA,NA,"KONE16348A",20161214,NA,"USGSNWQL",2016-12-12 14:45:00,"UTC"
"290","USGS","01193500",2016-12-12,"09:45",NA,NA,"EST","K","USGS-WRD","WS","10003LB00",NA,NA,NA,"8","9","3",NA,"00618",NA,0.122,NA,"ALGOR","S",NA,NA,NA,NA,NA,NA,NA,NA,NA,2016-12-12 14:45:00,"UTC"
"291","USGS","01193500",2016-12-12,"09:45",NA,NA,"EST","K","USGS-WRD","WS","10003LB00",NA,NA,NA,"8","9","3",NA,"00631",NA,0.123,NA,"RED01","S",0.04,"DLDQC",NA,NA,NA,"KNO316363A",20161228,NA,"USGSNWQL",2016-12-12 14:45:00,"UTC"
"292","USGS","01193500",2016-12-12,"09:45",NA,NA,"EST","K","USGS-WRD","WS","10003LB00",NA,NA,NA,"8","9","3",NA,"00660","<",0.012,NA,"ALGOR","S",NA,NA,NA,NA,NA,NA,NA,NA,NA,2016-12-12 14:45:00,"UTC"
"293","USGS","01193500",2016-12-12,"09:45",NA,NA,"EST","K","USGS-WRD","WS","10003LB00",NA,NA,NA,"8","9","3",NA,"00665",NA,0.011,NA,"CL021","S",0.004,"DLDQC",NA,NA,NA,"PELW355A",20161222,NA,"USGSNWQL",2016-12-12 14:45:00,"UTC"
"294","USGS","01193500",2016-12-12,"09:45",NA,NA,"EST","K","USGS-WRD","WS","10003LB00",NA,NA,NA,"8","9","3",NA,"00671","<",0.004,NA,"PHM01","S",0.004,"DLDQC",NA,NA,NA,"KONE16348A",20161214,NA,"USGSNWQL",2016-12-12 14:45:00,"UTC"
"295","USGS","01209700",2016-04-20,"10:40",NA,NA,"EST","K",NA,"WS",NA,NA,NA,NA,"4","9","9","no NESQA barcode on SLAR or bottle","00605",NA,0.31,NA,"ALGOR","S",NA,NA,NA,NA,NA,NA,NA,NA,NA,2016-04-20 15:40:00,"UTC"
"296","USGS","01209700",2016-04-20,"10:40",NA,NA,"EST","K",NA,"WS",NA,NA,NA,NA,"4","9","9","no NESQA barcode on SLAR or bottle","00608",NA,0.01,"n","SHC02","S",0.01,"DLDQC",NA,NA,NA,"KONE16116A",20160426,NA,"USGSNWQL",2016-04-20 15:40:00,"UTC"
"297","USGS","01209700",2016-04-20,"10:40",NA,NA,"EST","K",NA,"WS",NA,NA,NA,NA,"4","9","9","no NESQA barcode on SLAR or bottle","00613",NA,0.003,NA,"DZ001","S",0.001,"DLDQC",NA,NA,NA,"KONE16116A",20160426,NA,"USGSNWQL",2016-04-20 15:40:00,"UTC"
"298","USGS","01209700",2016-04-20,"10:40",NA,NA,"EST","K",NA,"WS",NA,NA,NA,NA,"4","9","9","no NESQA barcode on SLAR or bottle","00618",NA,0.281,NA,"ALGOR","S",NA,NA,NA,NA,NA,NA,NA,NA,NA,2016-04-20 15:40:00,"UTC"
"299","USGS","01209700",2016-04-20,"10:40",NA,NA,"EST","K",NA,"WS",NA,NA,NA,NA,"4","9","9","no NESQA barcode on SLAR or bottle","00631",NA,0.284,NA,"RED01","S",0.04,"DLDQC",NA,NA,NA,"KNO316113C",20160422,NA,"USGSNWQL",2016-04-20 15:40:00,"UTC"
"300","USGS","01209700",2016-04-20,"10:40",NA,NA,"EST","K",NA,"WS",NA,NA,NA,NA,"4","9","9","no NESQA barcode on SLAR or bottle","00660","<",0.012,NA,"ALGOR","S",NA,NA,NA,NA,NA,NA,NA,NA,NA,2016-04-20 15:40:00,"UTC"
"301","USGS","01209700",2016-04-20,"10:40",NA,NA,"EST","K",NA,"WS",NA,NA,NA,NA,"4","9","9","no NESQA barcode on SLAR or bottle","00665",NA,0.016,NA,"CL021","S",0.004,"DLDQC",NA,NA,NA,"PELW117A",20160427,NA,"USGSNWQL",2016-04-20 15:40:00,"UTC"
"302","USGS","01209700",2016-04-20,"10:40",NA,NA,"EST","K",NA,"WS",NA,NA,NA,NA,"4","9","9","no NESQA barcode on SLAR or bottle","00671","<",0.004,NA,"PHM01","S",0.004,"DLDQC",NA,NA,NA,"KONE16116A",20160426,NA,"USGSNWQL",2016-04-20 15:40:00,"UTC"
"303","USGS","01209700",2016-04-20,"10:40",NA,NA,"EST","K",NA,"WS",NA,NA,NA,NA,"4","9","9","no NESQA barcode on SLAR or bottle","62855",NA,0.6,NA,"AKP01","S",0.05,"DLDQC",NA,NA,NA,"PTNP118A",20160429,NA,"USGSNWQL",2016-04-20 15:40:00,"UTC"
"304","USGS","01209700",2016-05-20,"10:10",NA,NA,"EST","K",NA,"WS",NA,NA,NA,NA,"4","9","9",NA,"00605",NA,0.26,NA,"ALGOR","S",NA,NA,NA,NA,NA,NA,NA,NA,NA,2016-05-20 15:10:00,"UTC"
"305","USGS","01209700",2016-05-20,"10:10",NA,NA,"EST","K",NA,"WS",NA,NA,NA,NA,"4","9","9",NA,"00608",NA,0.02,"n","SHC02","S",0.01,"DLDQC",NA,NA,NA,"KONE16148A",20160531,NA,"USGSNWQL",2016-05-20 15:10:00,"UTC"
"306","USGS","01209700",2016-05-20,"10:10",NA,NA,"EST","K",NA,"WS",NA,NA,NA,NA,"4","9","9",NA,"00613",NA,0.005,NA,"DZ001","S",0.001,"DLDQC",NA,NA,NA,"KONE16148A",20160531,NA,"USGSNWQL",2016-05-20 15:10:00,"UTC"
"307","USGS","01209700",2016-05-20,"10:10",NA,NA,"EST","K",NA,"WS",NA,NA,NA,NA,"4","9","9",NA,"00618",NA,0.392,NA,"ALGOR","S",NA,NA,NA,NA,NA,NA,NA,NA,NA,2016-05-20 15:10:00,"UTC"
"308","USGS","01209700",2016-05-20,"10:10",NA,NA,"EST","K",NA,"WS",NA,NA,NA,NA,"4","9","9",NA,"00631",NA,0.397,NA,"RED01","S",0.04,"DLDQC",NA,NA,NA,"KNO316158A",20160606,NA,"USGSNWQL",2016-05-20 15:10:00,"UTC"
"309","USGS","01209700",2016-05-20,"10:10",NA,NA,"EST","K",NA,"WS",NA,NA,NA,NA,"4","9","9",NA,"00660",NA,0.058,NA,"ALGOR","S",NA,NA,NA,NA,NA,NA,NA,NA,NA,2016-05-20 15:10:00,"UTC"
"310","USGS","01209700",2016-05-20,"10:10",NA,NA,"EST","K",NA,"WS",NA,NA,NA,NA,"4","9","9",NA,"00665",NA,0.04,NA,"CL021","S",0.004,"DLDQC",NA,NA,NA,"PELW152C",20160609,NA,"USGSNWQL",2016-05-20 15:10:00,"UTC"
"311","USGS","01209700",2016-05-20,"10:10",NA,NA,"EST","K",NA,"WS",NA,NA,NA,NA,"4","9","9",NA,"00671",NA,0.019,NA,"PHM01","S",0.004,"DLDQC",NA,NA,NA,"KONE16148A",20160531,NA,"USGSNWQL",2016-05-20 15:10:00,"UTC"
"312","USGS","01209700",2016-05-20,"10:10",NA,NA,"EST","K",NA,"WS",NA,NA,NA,NA,"4","9","9",NA,"62855",NA,0.67,NA,"AKP01","S",0.05,"DLDQC",NA,NA,NA,"PTNP147A",20160526,NA,"USGSNWQL",2016-05-20 15:10:00,"UTC"
"313","USGS","01209700",2016-06-07,"13:30",NA,NA,"EST","K","USGS","WS","30G1EQW00",NA,NA,NA,"5","9","9",NA,"00605",NA,0.35,NA,"ALGOR","S",NA,NA,NA,NA,NA,NA,NA,NA,NA,2016-06-07 18:30:00,"UTC"
"314","USGS","01209700",2016-06-07,"13:30",NA,NA,"EST","K","USGS","WS","30G1EQW00",NA,NA,NA,"5","9","9",NA,"00608",NA,0.03,NA,"SHC02","S",0.01,"DLDQC",NA,NA,NA,"KONE16162A",20160610,NA,"USGSNWQL",2016-06-07 18:30:00,"UTC"
"315","USGS","01209700",2016-06-07,"13:30",NA,NA,"EST","K","USGS","WS","30G1EQW00",NA,NA,NA,"5","9","9",NA,"00613",NA,0.011,NA,"DZ001","S",0.001,"DLDQC",NA,NA,NA,"KONE16162A",20160610,NA,"USGSNWQL",2016-06-07 18:30:00,"UTC"
"316","USGS","01209700",2016-06-07,"13:30",NA,NA,"EST","K","USGS","WS","30G1EQW00",NA,NA,NA,"5","9","9",NA,"00618",NA,0.553,NA,"ALGOR","S",NA,NA,NA,NA,NA,NA,NA,NA,NA,2016-06-07 18:30:00,"UTC"
"317","USGS","01209700",2016-06-07,"13:30",NA,NA,"EST","K","USGS","WS","30G1EQW00",NA,NA,NA,"5","9","9",NA,"00631",NA,0.564,NA,"RED01","S",0.04,"DLDQC",NA,NA,NA,"KNO316167A",20160615,NA,"USGSNWQL",2016-06-07 18:30:00,"UTC"
"318","USGS","01209700",2016-06-07,"13:30",NA,NA,"EST","K","USGS","WS","30G1EQW00",NA,NA,NA,"5","9","9",NA,"00660",NA,0.222,NA,"ALGOR","S",NA,NA,NA,NA,NA,NA,NA,NA,NA,2016-06-07 18:30:00,"UTC"
"319","USGS","01209700",2016-06-07,"13:30",NA,NA,"EST","K","USGS","WS","30G1EQW00",NA,NA,NA,"5","9","9",NA,"00665",NA,0.104,NA,"CL021","S",0.004,"DLDQC",NA,NA,NA,"PELW165B",20160615,NA,"USGSNWQL",2016-06-07 18:30:00,"UTC"
"320","USGS","01209700",2016-06-07,"13:30",NA,NA,"EST","K","USGS","WS","30G1EQW00",NA,NA,NA,"5","9","9",NA,"00671",NA,0.072,NA,"PHM01","S",0.004,"DLDQC",NA,NA,NA,"KONE16162A",20160610,NA,"USGSNWQL",2016-06-07 18:30:00,"UTC"
"321","USGS","01209700",2016-06-07,"13:30",NA,NA,"EST","K","USGS","WS","30G1EQW00",NA,NA,NA,"5","9","9",NA,"62855",NA,0.94,NA,"AKP01","S",0.05,"DLDQC",NA,NA,NA,"PTNP162B",20160614,NA,"USGSNWQL",2016-06-07 18:30:00,"UTC"
"322","USGS","01209700",2016-06-14,"14:10",NA,NA,"EST","K","USGS-WRD","WS",NA,NA,NA,NA,"9","9","9","MM-47322A","00605",NA,0.24,NA,"ALGOR","S",NA,NA,NA,NA,NA,NA,NA,NA,NA,2016-06-14 19:10:00,"UTC"
"323","USGS","01209700",2016-06-14,"14:10",NA,NA,"EST","K","USGS-WRD","WS",NA,NA,NA,NA,"9","9","9","MM-47322A","00608",NA,0.02,"n","SHC02","S",0.01,"DLDQC",NA,NA,NA,"KONE16173A",20160622,NA,"USGSNWQL",2016-06-14 19:10:00,"UTC"
"324","USGS","01209700",2016-06-14,"14:10",NA,NA,"EST","K","USGS-WRD","WS",NA,NA,NA,NA,"9","9","9","MM-47322A","00613",NA,0.004,NA,"DZ001","S",0.001,"DLDQC",NA,NA,NA,"KONE16173A",20160622,NA,"USGSNWQL",2016-06-14 19:10:00,"UTC"
"325","USGS","01209700",2016-06-14,"14:10",NA,NA,"EST","K","USGS-WRD","WS",NA,NA,NA,NA,"9","9","9","MM-47322A","00618",NA,0.658,NA,"ALGOR","S",NA,NA,NA,NA,NA,NA,NA,NA,NA,2016-06-14 19:10:00,"UTC"
"326","USGS","01209700",2016-06-14,"14:10",NA,NA,"EST","K","USGS-WRD","WS",NA,NA,NA,NA,"9","9","9","MM-47322A","00631",NA,0.661,NA,"RED01","S",0.04,"DLDQC",NA,NA,NA,"KNO316173A",20160621,NA,"USGSNWQL",2016-06-14 19:10:00,"UTC"
"327","USGS","01209700",2016-06-14,"14:10",NA,NA,"EST","K","USGS-WRD","WS",NA,NA,NA,NA,"9","9","9","MM-47322A","00660",NA,0.145,NA,"ALGOR","S",NA,NA,NA,NA,NA,NA,NA,NA,NA,2016-06-14 19:10:00,"UTC"
"328","USGS","01209700",2016-06-14,"14:10",NA,NA,"EST","K","USGS-WRD","WS",NA,NA,NA,NA,"9","9","9","MM-47322A","00665",NA,0.067,NA,"CL021","S",0.004,"DLDQC",NA,NA,NA,"PELW172B",20160621,NA,"USGSNWQL",2016-06-14 19:10:00,"UTC"
"329","USGS","01209700",2016-06-14,"14:10",NA,NA,"EST","K","USGS-WRD","WS",NA,NA,NA,NA,"9","9","9","MM-47322A","00671",NA,0.047,NA,"PHM01","S",0.004,"DLDQC",NA,NA,NA,"KONE16173A",20160622,NA,"USGSNWQL",2016-06-14 19:10:00,"UTC"
"330","USGS","01209700",2016-06-14,"14:10",NA,NA,"EST","K","USGS-WRD","WS",NA,NA,NA,NA,"9","9","9","MM-47322A","62855",NA,0.92,NA,"AKP01","S",0.05,"DLDQC",NA,NA,NA,"PTNP172B",20160621,NA,"USGSNWQL",2016-06-14 19:10:00,"UTC"
"331","USGS","01209700",2016-06-21,"11:50",NA,NA,"EST","K","USGS-WRD","WS","30G1EQW00",NA,NA,NA,"4","9","9",NA,"00605",NA,0.39,NA,"ALGOR","S",NA,NA,NA,NA,NA,NA,NA,NA,NA,2016-06-21 16:50:00,"UTC"
"332","USGS","01209700",2016-06-21,"11:50",NA,NA,"EST","K","USGS-WRD","WS","30G1EQW00",NA,NA,NA,"4","9","9",NA,"00608",NA,0.02,"n","SHC02","S",0.01,"DLDQC",NA,NA,NA,"KONE16182A",20160630,NA,"USGSNWQL",2016-06-21 16:50:00,"UTC"
"333","USGS","01209700",2016-06-21,"11:50",NA,NA,"EST","K","USGS-WRD","WS","30G1EQW00",NA,NA,NA,"4","9","9",NA,"00613",NA,0.004,NA,"DZ001","S",0.001,"DLDQC",NA,NA,NA,"KONE16182A",20160630,NA,"USGSNWQL",2016-06-21 16:50:00,"UTC"
"334","USGS","01209700",2016-06-21,"11:50",NA,NA,"EST","K","USGS-WRD","WS","30G1EQW00",NA,NA,NA,"4","9","9",NA,"00618",NA,0.639,NA,"ALGOR","S",NA,NA,NA,NA,NA,NA,NA,NA,NA,2016-06-21 16:50:00,"UTC"
"335","USGS","01209700",2016-06-21,"11:50",NA,NA,"EST","K","USGS-WRD","WS","30G1EQW00",NA,NA,NA,"4","9","9",NA,"00631",NA,0.643,NA,"RED01","S",0.04,"DLDQC",NA,NA,NA,"KNO316188A",20160706,NA,"USGSNWQL",2016-06-21 16:50:00,"UTC"
"336","USGS","01209700",2016-06-21,"11:50",NA,NA,"EST","K","USGS-WRD","WS","30G1EQW00",NA,NA,NA,"4","9","9",NA,"00660",NA,0.131,NA,"ALGOR","S",NA,NA,NA,NA,NA,NA,NA,NA,NA,2016-06-21 16:50:00,"UTC"
"337","USGS","01209700",2016-06-21,"11:50",NA,NA,"EST","K","USGS-WRD","WS","30G1EQW00",NA,NA,NA,"4","9","9",NA,"00665",NA,0.092,NA,"CL021","S",0.004,"DLDQC",NA,NA,NA,"PELW179D",20160630,NA,"USGSNWQL",2016-06-21 16:50:00,"UTC"
"338","USGS","01209700",2016-06-21,"11:50",NA,NA,"EST","K","USGS-WRD","WS","30G1EQW00",NA,NA,NA,"4","9","9",NA,"00671",NA,0.043,NA,"PHM01","S",0.004,"DLDQC",NA,NA,NA,"KONE16182A",20160630,NA,"USGSNWQL",2016-06-21 16:50:00,"UTC"
"339","USGS","01209700",2016-06-21,"11:50",NA,NA,"EST","K","USGS-WRD","WS","30G1EQW00",NA,NA,NA,"4","9","9",NA,"62855",NA,1.06,NA,"AKP01","S",0.05,"DLDQC",NA,NA,NA,"PTNP179A",20160628,NA,"USGSNWQL",2016-06-21 16:50:00,"UTC"
"340","USGS","01209700",2016-06-28,"10:10",NA,NA,"EST","K","USGS","WS","30G1EQW00",NA,NA,NA,"4","9","9","L-1870012 FED EX LATE DELIVERY   Received July 05, 2016   X=ok to log in per kmbeauli Chilled containers received warm at 18.1  Degrees C","00605",NA,0.29,NA,"ALGOR","S",NA,NA,NA,NA,NA,NA,NA,NA,NA,2016-06-28 15:10:00,"UTC"
"341","USGS","01209700",2016-06-28,"10:10",NA,NA,"EST","K","USGS","WS","30G1EQW00",NA,NA,NA,"4","9","9","L-1870012 FED EX LATE DELIVERY   Received July 05, 2016   X=ok to log in per kmbeauli Chilled containers received warm at 18.1  Degrees C","00608",NA,0.02,"*","SHC02","S",0.01,"DLDQC",NA,NA,NA,"KONE16193A",20160712,NA,"USGSNWQL",2016-06-28 15:10:00,"UTC"
"342","USGS","01209700",2016-06-28,"10:10",NA,NA,"EST","K","USGS","WS","30G1EQW00",NA,NA,NA,"4","9","9","L-1870012 FED EX LATE DELIVERY   Received July 05, 2016   X=ok to log in per kmbeauli Chilled containers received warm at 18.1  Degrees C","00613",NA,0.004,"*","DZ001","S",0.001,"DLDQC",NA,NA,NA,"KONE16193A",20160712,NA,"USGSNWQL",2016-06-28 15:10:00,"UTC"
"343","USGS","01209700",2016-06-28,"10:10",NA,NA,"EST","K","USGS","WS","30G1EQW00",NA,NA,NA,"4","9","9","L-1870012 FED EX LATE DELIVERY   Received July 05, 2016   X=ok to log in per kmbeauli Chilled containers received warm at 18.1  Degrees C","00618",NA,0.642,NA,"ALGOR","S",NA,NA,NA,NA,NA,NA,NA,NA,NA,2016-06-28 15:10:00,"UTC"
"344","USGS","01209700",2016-06-28,"10:10",NA,NA,"EST","K","USGS","WS","30G1EQW00",NA,NA,NA,"4","9","9","L-1870012 FED EX LATE DELIVERY   Received July 05, 2016   X=ok to log in per kmbeauli Chilled containers received warm at 18.1  Degrees C","00631",NA,0.646,"*","RED01","S",0.04,"DLDQC",NA,NA,NA,"KNO316195B",20160713,NA,"USGSNWQL",2016-06-28 15:10:00,"UTC"
"345","USGS","01209700",2016-06-28,"10:10",NA,NA,"EST","K","USGS","WS","30G1EQW00",NA,NA,NA,"4","9","9","L-1870012 FED EX LATE DELIVERY   Received July 05, 2016   X=ok to log in per kmbeauli Chilled containers received warm at 18.1  Degrees C","00660",NA,0.099,NA,"ALGOR","S",NA,NA,NA,NA,NA,NA,NA,NA,NA,2016-06-28 15:10:00,"UTC"
"346","USGS","01209700",2016-06-28,"10:10",NA,NA,"EST","K","USGS","WS","30G1EQW00",NA,NA,NA,"4","9","9","L-1870012 FED EX LATE DELIVERY   Received July 05, 2016   X=ok to log in per kmbeauli Chilled containers received warm at 18.1  Degrees C","00665",NA,0.06,"*","CL021","S",0.004,"DLDQC",NA,NA,NA,"PELW194E",20160714,NA,"USGSNWQL",2016-06-28 15:10:00,"UTC"
"347","USGS","01209700",2016-06-28,"10:10",NA,NA,"EST","K","USGS","WS","30G1EQW00",NA,NA,NA,"4","9","9","L-1870012 FED EX LATE DELIVERY   Received July 05, 2016   X=ok to log in per kmbeauli Chilled containers received warm at 18.1  Degrees C","00671",NA,0.032,"*","PHM01","S",0.004,"DLDQC",NA,NA,NA,"KONE16193A",20160712,NA,"USGSNWQL",2016-06-28 15:10:00,"UTC"
"348","USGS","01209700",2016-06-28,"10:10",NA,NA,"EST","K","USGS","WS","30G1EQW00",NA,NA,NA,"4","9","9","L-1870012 FED EX LATE DELIVERY   Received July 05, 2016   X=ok to log in per kmbeauli Chilled containers received warm at 18.1  Degrees C","62855",NA,0.96,"*","AKP01","S",0.05,"DLDQC",NA,NA,NA,"PTNP189A",20160708,NA,"USGSNWQL",2016-06-28 15:10:00,"UTC"
"349","USGS","01209700",2016-07-05,"09:10",NA,NA,"EST","K","USGS-WRD","WS","30G1EQW00",NA,NA,NA,"8","9","9",NA,"00605","<",0.44,NA,"ALGOR","S",NA,NA,NA,NA,NA,NA,NA,NA,NA,2016-07-05 14:10:00,"UTC"
"350","USGS","01209700",2016-07-05,"09:10",NA,NA,"EST","K","USGS-WRD","WS","30G1EQW00",NA,NA,NA,"8","9","9",NA,"00608","<",0.01,NA,"SHC02","S",0.01,"DLDQC",NA,NA,NA,"KONE16209A",20160727,NA,"USGSNWQL",2016-07-05 14:10:00,"UTC"
"351","USGS","01209700",2016-07-05,"09:10",NA,NA,"EST","K","USGS-WRD","WS","30G1EQW00",NA,NA,NA,"8","9","9",NA,"00613",NA,0.013,NA,"DZ001","S",0.001,"DLDQC",NA,NA,NA,"KONE16209A",20160727,NA,"USGSNWQL",2016-07-05 14:10:00,"UTC"
"352","USGS","01209700",2016-07-05,"09:10",NA,NA,"EST","K","USGS-WRD","WS","30G1EQW00",NA,NA,NA,"8","9","9",NA,"00618",NA,0.491,NA,"ALGOR","S",NA,NA,NA,NA,NA,NA,NA,NA,NA,2016-07-05 14:10:00,"UTC"
"353","USGS","01209700",2016-07-05,"09:10",NA,NA,"EST","K","USGS-WRD","WS","30G1EQW00",NA,NA,NA,"8","9","9",NA,"00631",NA,0.504,NA,"RED01","S",0.04,"DLDQC",NA,NA,NA,"KNO316200A",20160718,NA,"USGSNWQL",2016-07-05 14:10:00,"UTC"
"354","USGS","01209700",2016-07-05,"09:10",NA,NA,"EST","K","USGS-WRD","WS","30G1EQW00",NA,NA,NA,"8","9","9",NA,"00660",NA,0.091,NA,"ALGOR","S",NA,NA,NA,NA,NA,NA,NA,NA,NA,2016-07-05 14:10:00,"UTC"
"355","USGS","01209700",2016-07-05,"09:10",NA,NA,"EST","K","USGS-WRD","WS","30G1EQW00",NA,NA,NA,"8","9","9",NA,"00665",NA,0.105,NA,"CL021","S",0.004,"DLDQC",NA,NA,NA,"PELW195A",20160714,NA,"USGSNWQL",2016-07-05 14:10:00,"UTC"
"356","USGS","01209700",2016-07-05,"09:10",NA,NA,"EST","K","USGS-WRD","WS","30G1EQW00",NA,NA,NA,"8","9","9",NA,"00671",NA,0.03,NA,"PHM01","S",0.004,"DLDQC",NA,NA,NA,"KONE16209A",20160727,NA,"USGSNWQL",2016-07-05 14:10:00,"UTC"
"357","USGS","01209700",2016-07-05,"09:10",NA,NA,"EST","K","USGS-WRD","WS","30G1EQW00",NA,NA,NA,"8","9","9",NA,"62855",NA,0.95,NA,"AKP01","S",0.05,"DLDQC",NA,NA,NA,"PTNP193A",20160711,NA,"USGSNWQL",2016-07-05 14:10:00,"UTC"
"358","USGS","01209700",2016-07-12,"08:50",NA,NA,"EST","K","USGS-WRD","WS",NA,NA,NA,NA,"9","9","9",NA,"00605",NA,0.32,NA,"ALGOR","S",NA,NA,NA,NA,NA,NA,NA,NA,NA,2016-07-12 13:50:00,"UTC"
"359","USGS","01209700",2016-07-12,"08:50",NA,NA,"EST","K","USGS-WRD","WS",NA,NA,NA,NA,"9","9","9",NA,"00608",NA,0.02,NA,"SHC02","S",0.01,"DLDQC",NA,NA,NA,"KONE16200A",20160718,NA,"USGSNWQL",2016-07-12 13:50:00,"UTC"
"360","USGS","01209700",2016-07-12,"08:50",NA,NA,"EST","K","USGS-WRD","WS",NA,NA,NA,NA,"9","9","9",NA,"00613",NA,0.003,NA,"DZ001","S",0.001,"DLDQC",NA,NA,NA,"KONE16200A",20160718,NA,"USGSNWQL",2016-07-12 13:50:00,"UTC"
"361","USGS","01209700",2016-07-12,"08:50",NA,NA,"EST","K","USGS-WRD","WS",NA,NA,NA,NA,"9","9","9",NA,"00618",NA,0.505,NA,"ALGOR","S",NA,NA,NA,NA,NA,NA,NA,NA,NA,2016-07-12 13:50:00,"UTC"
"362","USGS","01209700",2016-07-12,"08:50",NA,NA,"EST","K","USGS-WRD","WS",NA,NA,NA,NA,"9","9","9",NA,"00631",NA,0.508,NA,"RED01","S",0.04,"DLDQC",NA,NA,NA,"KNO316201B",20160720,NA,"USGSNWQL",2016-07-12 13:50:00,"UTC"
"363","USGS","01209700",2016-07-12,"08:50",NA,NA,"EST","K","USGS-WRD","WS",NA,NA,NA,NA,"9","9","9",NA,"00660",NA,0.183,NA,"ALGOR","S",NA,NA,NA,NA,NA,NA,NA,NA,NA,2016-07-12 13:50:00,"UTC"
"364","USGS","01209700",2016-07-12,"08:50",NA,NA,"EST","K","USGS-WRD","WS",NA,NA,NA,NA,"9","9","9",NA,"00665",NA,0.088,NA,"CL021","S",0.004,"DLDQC",NA,NA,NA,"PELW200G",20160721,NA,"USGSNWQL",2016-07-12 13:50:00,"UTC"
"365","USGS","01209700",2016-07-12,"08:50",NA,NA,"EST","K","USGS-WRD","WS",NA,NA,NA,NA,"9","9","9",NA,"00671",NA,0.06,NA,"PHM01","S",0.004,"DLDQC",NA,NA,NA,"KONE16200A",20160718,NA,"USGSNWQL",2016-07-12 13:50:00,"UTC"
"366","USGS","01209700",2016-07-12,"08:50",NA,NA,"EST","K","USGS-WRD","WS",NA,NA,NA,NA,"9","9","9",NA,"62855",NA,0.85,NA,"AKP01","S",0.05,"DLDQC",NA,NA,NA,"PTNP201A",20160721,NA,"USGSNWQL",2016-07-12 13:50:00,"UTC"
"367","USGS","01209700",2016-07-19,"11:40",NA,NA,"EST","K","USGS-WRD","WS",NA,NA,NA,NA,"5","7","9",NA,"00605",NA,0.32,NA,"ALGOR","S",NA,NA,NA,NA,NA,NA,NA,NA,NA,2016-07-19 16:40:00,"UTC"
"368","USGS","01209700",2016-07-19,"11:40",NA,NA,"EST","K","USGS-WRD","WS",NA,NA,NA,NA,"5","7","9",NA,"00608",NA,0.02,"n","SHC02","S",0.01,"DLDQC",NA,NA,NA,"KONE16210A",20160729,NA,"USGSNWQL",2016-07-19 16:40:00,"UTC"
"369","USGS","01209700",2016-07-19,"11:40",NA,NA,"EST","K","USGS-WRD","WS",NA,NA,NA,NA,"5","7","9",NA,"00613",NA,0.002,NA,"DZ001","S",0.001,"DLDQC",NA,NA,NA,"KONE16210A",20160729,NA,"USGSNWQL",2016-07-19 16:40:00,"UTC"
"370","USGS","01209700",2016-07-19,"11:40",NA,NA,"EST","K","USGS-WRD","WS",NA,NA,NA,NA,"5","7","9",NA,"00618",NA,0.415,NA,"ALGOR","S",NA,NA,NA,NA,NA,NA,NA,NA,NA,2016-07-19 16:40:00,"UTC"
"371","USGS","01209700",2016-07-19,"11:40",NA,NA,"EST","K","USGS-WRD","WS",NA,NA,NA,NA,"5","7","9",NA,"00631",NA,0.417,NA,"RED01","S",0.04,"DLDQC",NA,NA,NA,"KNO316209A",20160727,NA,"USGSNWQL",2016-07-19 16:40:00,"UTC"
"372","USGS","01209700",2016-07-19,"11:40",NA,NA,"EST","K","USGS-WRD","WS",NA,NA,NA,NA,"5","7","9",NA,"00660",NA,0.17,NA,"ALGOR","S",NA,NA,NA,NA,NA,NA,NA,NA,NA,2016-07-19 16:40:00,"UTC"
"373","USGS","01209700",2016-07-19,"11:40",NA,NA,"EST","K","USGS-WRD","WS",NA,NA,NA,NA,"5","7","9",NA,"00665",NA,0.1,NA,"CL021","S",0.004,"DLDQC",NA,NA,NA,"PELW209C",20160728,NA,"USGSNWQL",2016-07-19 16:40:00,"UTC"
"374","USGS","01209700",2016-07-19,"11:40",NA,NA,"EST","K","USGS-WRD","WS",NA,NA,NA,NA,"5","7","9",NA,"00671",NA,0.055,NA,"PHM01","S",0.004,"DLDQC",NA,NA,NA,"KONE16210A",20160729,NA,"USGSNWQL",2016-07-19 16:40:00,"UTC"
"375","USGS","01209700",2016-07-19,"11:40",NA,NA,"EST","K","USGS-WRD","WS",NA,NA,NA,NA,"5","7","9",NA,"62855",NA,0.75,NA,"AKP01","S",0.05,"DLDQC",NA,NA,NA,"PTNP215A",20160802,NA,"USGSNWQL",2016-07-19 16:40:00,"UTC"
"376","USGS","01209700",2016-07-26,"12:40",NA,NA,"EST","K","USGS-WRD","WS",NA,NA,NA,NA,"5","9","9",NA,"00605",NA,0.54,NA,"ALGOR","S",NA,NA,NA,NA,NA,NA,NA,NA,NA,2016-07-26 17:40:00,"UTC"
"377","USGS","01209700",2016-07-26,"12:40",NA,NA,"EST","K","USGS-WRD","WS",NA,NA,NA,NA,"5","9","9",NA,"00608",NA,0.02,"n","SHC02","S",0.01,"DLDQC",NA,NA,NA,"KONE16216A",20160803,NA,"USGSNWQL",2016-07-26 17:40:00,"UTC"
"378","USGS","01209700",2016-07-26,"12:40",NA,NA,"EST","K","USGS-WRD","WS",NA,NA,NA,NA,"5","9","9",NA,"00613",NA,0.004,NA,"DZ001","S",0.001,"DLDQC",NA,NA,NA,"KONE16216A",20160803,NA,"USGSNWQL",2016-07-26 17:40:00,"UTC"
"379","USGS","01209700",2016-07-26,"12:40",NA,NA,"EST","K","USGS-WRD","WS",NA,NA,NA,NA,"5","9","9",NA,"00618",NA,0.291,NA,"ALGOR","S",NA,NA,NA,NA,NA,NA,NA,NA,NA,2016-07-26 17:40:00,"UTC"
"380","USGS","01209700",2016-07-26,"12:40",NA,NA,"EST","K","USGS-WRD","WS",NA,NA,NA,NA,"5","9","9",NA,"00631",NA,0.295,NA,"RED01","S",0.04,"DLDQC",NA,NA,NA,"KNO316229A",20160816,NA,"USGSNWQL",2016-07-26 17:40:00,"UTC"
"381","USGS","01209700",2016-07-26,"12:40",NA,NA,"EST","K","USGS-WRD","WS",NA,NA,NA,NA,"5","9","9",NA,"00660",NA,0.187,NA,"ALGOR","S",NA,NA,NA,NA,NA,NA,NA,NA,NA,2016-07-26 17:40:00,"UTC"
"382","USGS","01209700",2016-07-26,"12:40",NA,NA,"EST","K","USGS-WRD","WS",NA,NA,NA,NA,"5","9","9",NA,"00665",NA,0.142,NA,"CL021","S",0.004,"DLDQC",NA,NA,NA,"PELW221A",20160811,NA,"USGSNWQL",2016-07-26 17:40:00,"UTC"
"383","USGS","01209700",2016-07-26,"12:40",NA,NA,"EST","K","USGS-WRD","WS",NA,NA,NA,NA,"5","9","9",NA,"00671",NA,0.061,NA,"PHM01","S",0.004,"DLDQC",NA,NA,NA,"KONE16216A",20160803,NA,"USGSNWQL",2016-07-26 17:40:00,"UTC"
"384","USGS","01209700",2016-07-26,"12:40",NA,NA,"EST","K","USGS-WRD","WS",NA,NA,NA,NA,"5","9","9",NA,"62855",NA,0.85,NA,"AKP01","S",0.05,"DLDQC",NA,NA,NA,"PTNP216B",20160804,NA,"USGSNWQL",2016-07-26 17:40:00,"UTC"
"385","USGS","01209700",2016-08-02,"10:20",NA,NA,"EST","K","USGS-WRD","WS",NA,NA,NA,NA,"9","9","9","MM-48035A","00605",NA,0.31,NA,"ALGOR","S",NA,NA,NA,NA,NA,NA,NA,NA,NA,2016-08-02 15:20:00,"UTC"
"386","USGS","01209700",2016-08-02,"10:20",NA,NA,"EST","K","USGS-WRD","WS",NA,NA,NA,NA,"9","9","9","MM-48035A","00608",NA,0.02,"n","SHC02","S",0.01,"DLDQC",NA,NA,NA,"KONE16222A",20160809,NA,"USGSNWQL",2016-08-02 15:20:00,"UTC"
"387","USGS","01209700",2016-08-02,"10:20",NA,NA,"EST","K","USGS-WRD","WS",NA,NA,NA,NA,"9","9","9","MM-48035A","00613",NA,0.003,NA,"DZ001","S",0.001,"DLDQC",NA,NA,NA,"KONE16222A",20160809,NA,"USGSNWQL",2016-08-02 15:20:00,"UTC"
"388","USGS","01209700",2016-08-02,"10:20",NA,NA,"EST","K","USGS-WRD","WS",NA,NA,NA,NA,"9","9","9","MM-48035A","00618",NA,0.5,NA,"ALGOR","S",NA,NA,NA,NA,NA,NA,NA,NA,NA,2016-08-02 15:20:00,"UTC"
"389","USGS","01209700",2016-08-02,"10:20",NA,NA,"EST","K","USGS-WRD","WS",NA,NA,NA,NA,"9","9","9","MM-48035A","00631",NA,0.504,NA,"RED01","S",0.04,"DLDQC",NA,NA,NA,"KNO316237A",20160824,NA,"USGSNWQL",2016-08-02 15:20:00,"UTC"
"390","USGS","01209700",2016-08-02,"10:20",NA,NA,"EST","K","USGS-WRD","WS",NA,NA,NA,NA,"9","9","9","MM-48035A","00660",NA,0.247,NA,"ALGOR","S",NA,NA,NA,NA,NA,NA,NA,NA,NA,2016-08-02 15:20:00,"UTC"
"391","USGS","01209700",2016-08-02,"10:20",NA,NA,"EST","K","USGS-WRD","WS",NA,NA,NA,NA,"9","9","9","MM-48035A","00665",NA,0.109,NA,"CL021","S",0.004,"DLDQC",NA,NA,NA,"PELW228D",20160816,NA,"USGSNWQL",2016-08-02 15:20:00,"UTC"
"392","USGS","01209700",2016-08-02,"10:20",NA,NA,"EST","K","USGS-WRD","WS",NA,NA,NA,NA,"9","9","9","MM-48035A","00671",NA,0.081,NA,"PHM01","S",0.004,"DLDQC",NA,NA,NA,"KONE16222A",20160809,NA,"USGSNWQL",2016-08-02 15:20:00,"UTC"
"393","USGS","01209700",2016-08-02,"10:20",NA,NA,"EST","K","USGS-WRD","WS",NA,NA,NA,NA,"9","9","9","MM-48035A","62855",NA,0.83,NA,"AKP01","S",0.05,"DLDQC",NA,NA,NA,"PTNP228A",20160815,NA,"USGSNWQL",2016-08-02 15:20:00,"UTC"
"394","USGS","01209700",2016-08-18,"09:30",NA,NA,"EST","K","USGS-WRD","WS","30G1EQW00",NA,NA,NA,"4","9","9",NA,"00605",NA,0.37,NA,"ALGOR","S",NA,NA,NA,NA,NA,NA,NA,NA,NA,2016-08-18 14:30:00,"UTC"
"395","USGS","01209700",2016-08-18,"09:30",NA,NA,"EST","K","USGS-WRD","WS","30G1EQW00",NA,NA,NA,"4","9","9",NA,"00608",NA,0.02,"n","SHC02","S",0.01,"DLDQC",NA,NA,NA,"KONE16239A",20160826,NA,"USGSNWQL",2016-08-18 14:30:00,"UTC"
"396","USGS","01209700",2016-08-18,"09:30",NA,NA,"EST","K","USGS-WRD","WS","30G1EQW00",NA,NA,NA,"4","9","9",NA,"00613",NA,0.003,NA,"DZ001","S",0.001,"DLDQC",NA,NA,NA,"KONE16239A",20160826,NA,"USGSNWQL",2016-08-18 14:30:00,"UTC"
"397","USGS","01209700",2016-08-18,"09:30",NA,NA,"EST","K","USGS-WRD","WS","30G1EQW00",NA,NA,NA,"4","9","9",NA,"00618",NA,0.477,NA,"ALGOR","S",NA,NA,NA,NA,NA,NA,NA,NA,NA,2016-08-18 14:30:00,"UTC"
"398","USGS","01209700",2016-08-18,"09:30",NA,NA,"EST","K","USGS-WRD","WS","30G1EQW00",NA,NA,NA,"4","9","9",NA,"00631",NA,0.48,NA,"RED01","S",0.04,"DLDQC",NA,NA,NA,"KNO316243A",20160830,NA,"USGSNWQL",2016-08-18 14:30:00,"UTC"
"399","USGS","01209700",2016-08-18,"09:30",NA,NA,"EST","K","USGS-WRD","WS","30G1EQW00",NA,NA,NA,"4","9","9",NA,"00660",NA,0.181,NA,"ALGOR","S",NA,NA,NA,NA,NA,NA,NA,NA,NA,2016-08-18 14:30:00,"UTC"
"400","USGS","01209700",2016-08-18,"09:30",NA,NA,"EST","K","USGS-WRD","WS","30G1EQW00",NA,NA,NA,"4","9","9",NA,"00665",NA,0.114,NA,"CL021","S",0.004,"DLDQC",NA,NA,NA,"PELW251A",20160908,NA,"USGSNWQL",2016-08-18 14:30:00,"UTC"
"401","USGS","01209700",2016-08-18,"09:30",NA,NA,"EST","K","USGS-WRD","WS","30G1EQW00",NA,NA,NA,"4","9","9",NA,"00671",NA,0.059,NA,"PHM01","S",0.004,"DLDQC",NA,NA,NA,"KONE16239A",20160826,NA,"USGSNWQL",2016-08-18 14:30:00,"UTC"
"402","USGS","01209700",2016-08-18,"09:30",NA,NA,"EST","K","USGS-WRD","WS","30G1EQW00",NA,NA,NA,"4","9","9",NA,"62855",NA,0.87,NA,"AKP01","S",0.05,"DLDQC",NA,NA,NA,"PTNP238A",20160826,NA,"USGSNWQL",2016-08-18 14:30:00,"UTC"
"403","USGS","01209700",2016-09-13,"09:30",NA,NA,"EST","K","USGS-WRD","WS","30G1EQW00",NA,NA,NA,"4","9","9",NA,"00605",NA,0.19,NA,"ALGOR","S",NA,NA,NA,NA,NA,NA,NA,NA,NA,2016-09-13 14:30:00,"UTC"
"404","USGS","01209700",2016-09-13,"09:30",NA,NA,"EST","K","USGS-WRD","WS","30G1EQW00",NA,NA,NA,"4","9","9",NA,"00608",NA,0.01,"n","SHC02","S",0.01,"DLDQC",NA,NA,NA,"KONE16263A",20160919,NA,"USGSNWQL",2016-09-13 14:30:00,"UTC"
"405","USGS","01209700",2016-09-13,"09:30",NA,NA,"EST","K","USGS-WRD","WS","30G1EQW00",NA,NA,NA,"4","9","9",NA,"00613",NA,0.003,NA,"DZ001","S",0.001,"DLDQC",NA,NA,NA,"KONE16265A",20160922,NA,"USGSNWQL",2016-09-13 14:30:00,"UTC"
"406","USGS","01209700",2016-09-13,"09:30",NA,NA,"EST","K","USGS-WRD","WS","30G1EQW00",NA,NA,NA,"4","9","9",NA,"00618",NA,0.472,NA,"ALGOR","S",NA,NA,NA,NA,NA,NA,NA,NA,NA,2016-09-13 14:30:00,"UTC"
"407","USGS","01209700",2016-09-13,"09:30",NA,NA,"EST","K","USGS-WRD","WS","30G1EQW00",NA,NA,NA,"4","9","9",NA,"00631",NA,0.475,NA,"RED01","S",0.04,"DLDQC",NA,NA,NA,"KNO316277A",20161003,NA,"USGSNWQL",2016-09-13 14:30:00,"UTC"
"408","USGS","01209700",2016-09-13,"09:30",NA,NA,"EST","K","USGS-WRD","WS","30G1EQW00",NA,NA,NA,"4","9","9",NA,"00660",NA,0.051,NA,"ALGOR","S",NA,NA,NA,NA,NA,NA,NA,NA,NA,2016-09-13 14:30:00,"UTC"
"409","USGS","01209700",2016-09-13,"09:30",NA,NA,"EST","K","USGS-WRD","WS","30G1EQW00",NA,NA,NA,"4","9","9",NA,"00665",NA,0.043,NA,"CL021","S",0.004,"DLDQC",NA,NA,NA,"PELW264B",20160921,NA,"USGSNWQL",2016-09-13 14:30:00,"UTC"
"410","USGS","01209700",2016-09-13,"09:30",NA,NA,"EST","K","USGS-WRD","WS","30G1EQW00",NA,NA,NA,"4","9","9",NA,"00671",NA,0.017,NA,"PHM01","S",0.004,"DLDQC",NA,NA,NA,"KONE16263A",20160919,NA,"USGSNWQL",2016-09-13 14:30:00,"UTC"
"411","USGS","01209700",2016-09-13,"09:30",NA,NA,"EST","K","USGS-WRD","WS","30G1EQW00",NA,NA,NA,"4","9","9",NA,"62855",NA,0.68,NA,"AKP01","S",0.05,"DLDQC",NA,NA,NA,"PTNP265A",20160921,NA,"USGSNWQL",2016-09-13 14:30:00,"UTC"
